ROW_ID,Year,Month,Day,Sample Week,Crop,Treatment,Block,Plot,Air_Temperature,Ground_Temperature,Soil_Temperature,Humidity,Egg_Start,Not_Eaten,Eaten,Proportion_Eaten,Abundance,Richness,Lasius_neoniger,Solenopsis_molesta,Formica_montana,Formica_rubicunda,Formica_subaenescens,Myrmica_americana,Temnothorax_ambiguus
1,2021,June,4,1,Soy,Till,a,1,24.1,27.5,18.9,54,47,42,5,0.11,0,0,,,,,,,
2,2021,June,4,1,Soy,Till,a,2,24.3,30.2,20.3,54,51,37,14,0.27,0,0,,,,,,,
3,2021,June,4,1,Soy,No Till,a,1,25.9,29.3,20.4,53.8,70,68,2,0.03,1,1,1,,,,,,
4,2021,June,4,1,Soy,No Till,a,2,25.4,27.3,19.4,56.1,58,58,0,0,0,0,,,,,,,
5,2021,June,4,1,Corn,Till,a,1,24,28.5,20.8,54.9,56,17,39,0.7,0,0,,,,,,,
6,2021,June,4,1,Corn,Till,a,2,25.5,27.6,21,53.8,77,42,35,0.45,0,0,,,,,,,
7,2021,June,4,1,Corn,No Till,a,1,23.6,27.5,19.6,56.7,69,40,29,0.42,0,0,,,,,,,
8,2021,June,4,1,Corn,No Till,a,2,25.4,28,20.5,54.1,49,21,28,0.57,0,0,,,,,,,
9,2021,June,4,1,Soy,Till,b,1,25.7,25.8,19.7,51.8,61,51,10,0.16,0,0,,,,,,,
10,2021,June,4,1,Soy,Till,b,2,24.5,29.5,20.6,53,70,60,10,0.14,0,0,,,,,,,
11,2021,June,4,1,Soy,No Till,b,1,27.2,28.8,19,50.5,55,52,3,0.05,0,0,,,,,,,
12,2021,June,4,1,Soy,No Till,b,2,25,27.4,18.9,54.5,57,49,8,0.14,0,0,,,,,,,
13,2021,June,4,1,Corn,Till,b,1,26.3,28,21.5,55.6,53,30,23,0.43,0,0,,,,,,,
14,2021,June,4,1,Corn,Till,b,2,24.8,30,20.8,52.5,75,31,44,0.59,0,0,,,,,,,
15,2021,June,4,1,Corn,No Till,b,1,25.5,29.8,21.1,55.8,74,9,65,0.88,17,1,17,,,,,,
16,2021,June,4,1,Corn,No Till,b,2,24.7,29.5,20.8,54.9,84,35,49,0.58,0,0,,,,,,,
17,2021,June,4,1,Soy,Till,c,1,25.2,30.9,20.6,52.3,59,59,0,0,0,0,,,,,,,
18,2021,June,4,1,Soy,Till,c,2,26.6,27.9,20.1,51.6,49,46,3,0.06,0,0,,,,,,,
19,2021,June,4,1,Soy,No Till,c,1,25.4,30.3,19.3,51.8,66,66,0,0,0,0,,,,,,,
20,2021,June,4,1,Soy,No Till,c,2,25.9,29.3,19.8,55,60,60,0,0,0,0,,,,,,,
21,2021,June,4,1,Corn,Till,c,1,23.7,29.5,21.3,55.7,54,27,27,0.5,8,1,8,,,,,,
22,2021,June,4,1,Corn,Till,c,2,25.1,28.3,20.5,54,43,10,33,0.77,0,0,,,,,,,
23,2021,June,4,1,Corn,No Till,c,1,24,29.8,21,55.3,76,45,31,0.41,0,0,,,,,,,
24,2021,June,4,1,Corn,No Till,c,2,25.6,28.8,21,56,74,49,25,0.34,5,1,5,,,,,,
25,2021,June,4,1,Soy,Till,d,1,29.4,34.3,20.7,43,67,43,24,0.36,1,1,1,,,,,,
26,2021,June,4,1,Soy,Till,d,2,27.1,33.9,21.3,50.7,74,52,22,0.3,0,0,,,,,,,
27,2021,June,4,1,Soy,No Till,d,1,26.2,27.5,19.5,53.6,64,45,19,0.3,0,0,,,,,,,
28,2021,June,4,1,Soy,No Till,d,2,25.5,28.5,19.6,52.7,60,32,28,0.47,0,0,,,,,,,
29,2021,June,4,1,Corn,Till,d,1,28,33,21.2,51.3,76,22,54,0.71,0,0,,,,,,,
30,2021,June,4,1,Corn,Till,d,2,27.3,35.7,21.8,48.3,75,68,7,0.09,1,1,1,,,,,,
31,2021,June,4,1,Corn,No Till,d,1,28,35.5,21.2,53.8,71,45,26,0.37,0,0,,,,,,,
32,2021,June,4,1,Corn,No Till,d,2,27.7,34.6,22.2,49.8,46,43,3,0.07,0,0,,,,,,,
33,2021,June,7,2,Soy,Till,a,1,25.7,28,24.6,60.3,50,50,0,0,0,0,,,,,,,
34,2021,June,7,2,Soy,Till,a,2,26.4,28.5,24.8,60.6,58,49,9,0.16,0,0,,,,,,,
35,2021,June,7,2,Soy,No Till,a,1,25.9,27,23.9,61.6,57,39,18,0.32,40,2,2,38,,,,,
36,2021,June,7,2,Soy,No Till,a,2,25.8,27,24,63.1,62,32,30,0.48,50,1,50,,,,,,
37,2021,June,7,2,Corn,Till,a,1,25.7,27.3,24.8,61,52,35,17,0.33,3,1,3,,,,,,
38,2021,June,7,2,Corn,Till,a,2,26.1,27.9,24.4,59.4,71,6,65,0.92,5,1,5,,,,,,
39,2021,June,7,2,Corn,No Till,a,1,25.9,27.5,24.8,62.7,54,37,17,0.31,3,1,3,,,,,,
40,2021,June,7,2,Corn,No Till,a,2,25.9,27.5,24.4,62.5,57,20,37,0.65,58,1,58,,,,,,
41,2021,June,7,2,Soy,Till,b,1,25.6,28.2,24.3,61.2,61,17,44,0.72,2,1,2,,,,,,
42,2021,June,7,2,Soy,Till,b,2,26.1,28.1,24.7,62.4,61,54,7,0.11,0,0,,,,,,,
43,2021,June,7,2,Soy,No Till,b,1,26.1,27.2,23.4,59.2,51,42,9,0.18,0,0,,,,,,,
44,2021,June,7,2,Soy,No Till,b,2,26.3,26.3,23.2,60.3,58,34,24,0.41,1,1,1,,,,,,
45,2021,June,7,2,Corn,Till,b,1,26.1,30.3,24.5,62.1,67,56,11,0.16,0,0,,,,,,,
46,2021,June,7,2,Corn,Till,b,2,26.6,30.8,24.8,60.7,92,7,85,0.92,5,1,5,,,,,,
47,2021,June,7,2,Corn,No Till,b,1,26.5,29.7,25.3,60.8,70,17,53,0.76,11,1,11,,,,,,
48,2021,June,7,2,Corn,No Till,b,2,27,30.5,24.8,61.2,65,16,49,0.75,0,0,,,,,,,
49,2021,June,7,2,Soy,Till,c,1,26.5,26.2,24.1,60.3,64,60,4,0.06,1,1,1,,,,,,
50,2021,June,7,2,Soy,Till,c,2,27.5,26,23.8,59.3,89,62,27,0.3,0,0,,,,,,,
51,2021,June,7,2,Soy,No Till,c,1,25.5,26.2,23.5,58.3,65,61,4,0.06,0,0,,,,,,,
52,2021,June,7,2,Soy,No Till,c,2,27.1,27.1,23.8,66.1,57,47,10,0.18,0,0,,,,,,,
53,2021,June,7,2,Corn,Till,c,1,26.4,27.6,24.8,56.7,79,39,40,0.51,29,1,29,,,,,,
54,2021,June,7,2,Corn,Till,c,2,27.4,27.6,24.4,60.4,55,1,54,0.98,1,1,1,,,,,,
55,2021,June,7,2,Corn,No Till,c,1,26.3,26.2,24.7,60.1,80,70,10,0.13,9,1,9,,,,,,
56,2021,June,7,2,Corn,No Till,c,2,26.4,27.7,24.9,59,64,51,13,0.2,55,1,55,,,,,,
57,2021,June,7,2,Soy,Till,d,1,26.9,28.5,24.5,60.5,52,52,0,0,0,0,,,,,,,
58,2021,June,7,2,Soy,Till,d,2,25.7,29.1,24.2,60.1,41,33,8,0.2,0,0,,,,,,,
59,2021,June,7,2,Soy,No Till,d,1,26.8,26.3,23.7,60.3,58,56,2,0.03,0,0,,,,,,,
60,2021,June,7,2,Soy,No Till,d,2,25.7,26.1,23.5,64.1,76,61,15,0.2,0,0,,,,,,,
61,2021,June,7,2,Corn,Till,d,1,27,30,24.7,61,75,0,75,1,1,1,1,,,,,,
62,2021,June,7,2,Corn,Till,d,2,25.9,29.1,24.6,60.8,54,40,14,0.26,38,1,38,,,,,,
63,2021,June,7,2,Corn,No Till,d,1,27.9,31.4,24.7,58.4,54,36,18,0.33,0,0,,,,,,,
64,2021,June,7,2,Corn,No Till,d,2,27,31.3,24.8,63.7,61,43,18,0.3,21,2,20,,1,,,,
65,2021,June,14,3,Soy,Till,a,1,25.2,27.7,22.8,45.8,55,3,52,0.95,0,0,,,,,,,
66,2021,June,14,3,Soy,Till,a,2,24.6,28.8,23.3,45.6,44,40,4,0.09,0,0,,,,,,,
67,2021,June,14,3,Soy,No Till,a,1,25,27.3,22.1,46.1,73,61,12,0.16,5,1,5,,,,,,
68,2021,June,14,3,Soy,No Till,a,2,24.2,26,22.4,47.2,66,11,55,0.83,49,1,49,,,,,,
69,2021,June,14,3,Corn,Till,a,1,25.2,29.2,23.5,47.5,61,57,4,0.07,1,1,1,,,,,,
70,2021,June,14,3,Corn,Till,a,2,24.6,30,23.2,50.1,70,68,2,0.03,8,1,8,,,,,,
71,2021,June,14,3,Corn,No Till,a,1,25.4,28,23.1,49.5,57,57,0,0,1,1,1,,,,,,
72,2021,June,14,3,Corn,No Till,a,2,25.2,28.3,23.4,46.2,66,40,26,0.39,19,1,19,,,,,,
73,2021,June,14,3,Soy,Till,b,1,22.5,28.6,23.1,50.7,64,64,0,0,2,1,2,,,,,,
74,2021,June,14,3,Soy,Till,b,2,23.8,29.2,23.2,49.3,69,69,0,0,0,0,,,,,,,
75,2021,June,14,3,Soy,No Till,b,1,23.3,25,21,51,69,49,20,0.29,0,0,,,,,,,
76,2021,June,14,3,Soy,No Till,b,2,23.1,23.5,20.9,50.1,65,37,28,0.43,0,0,,,,,,,
77,2021,June,14,3,Corn,Till,b,1,22.9,25.1,23.3,54.6,64,56,8,0.13,0,0,,,,,,,
78,2021,June,14,3,Corn,Till,b,2,23.9,28,23.1,51.1,70,6,64,0.91,52,1,52,,,,,,
79,2021,June,14,3,Corn,No Till,b,1,24,25.9,23,48.2,50,21,29,0.58,25,1,25,,,,,,
80,2021,June,14,3,Corn,No Till,b,2,24.3,27.4,23.1,48.2,70,61,9,0.13,7,1,7,,,,,,
81,2021,June,14,3,Soy,Till,c,1,24.1,27.1,22.9,45.4,55,50,5,0.09,3,1,3,,,,,,
82,2021,June,14,3,Soy,Till,c,2,26.6,26.3,22.3,45.4,71,69,2,0.03,2,1,2,,,,,,
83,2021,June,14,3,Soy,No Till,c,1,25.4,26.1,21.1,47.7,45,25,20,0.44,0,0,,,,,,,
84,2021,June,14,3,Soy,No Till,c,2,25.2,25.8,21.5,50.8,69,56,13,0.19,0,0,,,,,,,
85,2021,June,14,3,Corn,Till,c,1,23.3,28,22.9,49.7,49,5,44,0.9,10,1,10,,,,,,
86,2021,June,14,3,Corn,Till,c,2,23.8,22.8,23.3,51,74,66,8,0.11,1,1,1,,,,,,
87,2021,June,14,3,Corn,No Till,c,1,23.4,25,22.9,48.8,75,73,2,0.03,2,1,2,,,,,,
88,2021,June,14,3,Corn,No Till,c,2,25.8,25.9,23.2,49.9,65,48,17,0.26,9,1,9,,,,,,
89,2021,June,14,3,Soy,Till,d,1,25.3,27.3,23.1,44.6,69,57,12,0.17,0,0,,,,,,,
90,2021,June,14,3,Soy,Till,d,2,22.9,28.6,23.5,45.7,65,59,6,0.09,0,0,,,,,,,
91,2021,June,14,3,Soy,No Till,d,1,25.6,27.5,21.5,45.2,58,49,9,0.16,0,0,,,,,,,
92,2021,June,14,3,Soy,No Till,d,2,24,27.3,22.3,49.5,60,48,12,0.2,0,0,,,,,,,
93,2021,June,14,3,Corn,Till,d,1,23.9,28.2,23.7,48.6,67,1,66,0.99,1,1,1,,,,,,
94,2021,June,14,3,Corn,Till,d,2,24.1,28,23.4,46.6,49,44,5,0.1,31,1,31,,,,,,
95,2021,June,14,3,Corn,No Till,d,1,25.4,29.3,23.4,46,67,13,54,0.81,0,0,,,,,,,
96,2021,June,14,3,Corn,No Till,d,2,23.4,28.7,23.6,45.6,52,6,46,0.88,13,1,13,,,,,,
97,2021,June,21,4,Soy,Till,a,1,17.8,21.5,18.5,49.3,68,59,9,0.13,0,0,,,,,,,
98,2021,June,21,4,Soy,Till,a,2,19.4,23.5,19.6,50.8,91,88,3,0.03,0,0,,,,,,,
99,2021,June,21,4,Soy,No Till,a,1,17.8,21.7,17.9,48.5,67,35,32,0.48,38,2,8,30,,,,,
100,2021,June,21,4,Soy,No Till,a,2,19.1,19.8,18,48.7,48,10,38,0.79,12,1,12,,,,,,
101,2021,June,21,4,Corn,Till,a,1,18.9,27.1,19.4,47.3,67,63,4,0.06,6,1,6,,,,,,
102,2021,June,21,4,Corn,Till,a,2,18.9,30.2,19.2,50,87,63,24,0.28,3,1,3,,,,,,
103,2021,June,21,4,Corn,No Till,a,1,17.8,23.5,19.8,48.8,69,37,32,0.46,0,0,,,,,,,
104,2021,June,21,4,Corn,No Till,a,2,19.2,21.9,19.4,46.3,54,19,35,0.65,17,1,17,,,,,,
105,2021,June,21,4,Soy,Till,b,1,19.2,20.5,18,47.4,60,13,47,0.78,0,0,,,,,,,
106,2021,June,21,4,Soy,Till,b,2,16.9,22,18.8,44.2,55,52,3,0.05,0,0,,,,,,,
107,2021,June,21,4,Soy,No Till,b,1,19,21.8,17.8,49.9,50,27,23,0.46,0,0,,,,,,,
108,2021,June,21,4,Soy,No Till,b,2,21.5,20,17.6,44,69,4,65,0.94,0,0,,,,,,,
109,2021,June,21,4,Corn,Till,b,1,18.6,17.5,19.1,48.9,59,57,2,0.03,0,0,,,,,,,
110,2021,June,21,4,Corn,Till,b,2,16,17.8,19.1,51,57,0,57,1,23,1,23,,,,,,
111,2021,June,21,4,Corn,No Till,b,1,17.5,18.5,18.7,52.9,38,36,2,0.05,9,1,9,,,,,,
112,2021,June,21,4,Corn,No Till,b,2,15.7,19.1,18,51.5,75,71,4,0.05,6,1,6,,,,,,
113,2021,June,21,4,Soy,Till,c,1,20,24.1,18.1,43.7,69,44,25,0.36,3,1,3,,,,,,
114,2021,June,21,4,Soy,Till,c,2,20.1,21.2,17.9,45.3,75,67,8,0.11,0,0,,,,,,,
115,2021,June,21,4,Soy,No Till,c,1,18,21.3,17.2,46.8,52,48,4,0.08,0,0,,,,,,,
116,2021,June,21,4,Soy,No Till,c,2,18.1,21.9,17.6,49.7,72,46,26,0.36,0,0,,,,,,,
117,2021,June,21,4,Corn,Till,c,1,17.7,20.4,18.4,47.4,63,2,61,0.97,2,1,2,,,,,,
118,2021,June,21,4,Corn,Till,c,2,18.7,19.1,19.4,46,69,0,69,1,0,0,,,,,,,
119,2021,June,21,4,Corn,No Till,c,1,17.7,22.1,18.4,50.3,86,27,59,0.69,0,0,,,,,,,
120,2021,June,21,4,Corn,No Till,c,2,17.6,20.3,18.5,47.3,53,31,22,0.42,1,1,1,,,,,,
121,2021,June,21,4,Soy,Till,d,1,19.7,25.3,18.4,46.7,78,78,0,0,0,0,,,,,,,
122,2021,June,21,4,Soy,Till,d,2,18,25,18.8,46.2,51,39,12,0.24,0,0,,,,,,,
123,2021,June,21,4,Soy,No Till,d,1,20.4,24,17.5,44.2,45,45,0,0,0,0,,,,,,,
124,2021,June,21,4,Soy,No Till,d,2,18.9,23.8,17.8,46.2,49,41,8,0.16,0,0,,,,,,,
125,2021,June,21,4,Corn,Till,d,1,20.3,28.3,19.1,47.5,70,65,5,0.07,0,0,,,,,,,
126,2021,June,21,4,Corn,Till,d,2,19,23.5,19.1,47.2,98,38,60,0.61,56,1,56,,,,,,
127,2021,June,21,4,Corn,No Till,d,1,21.1,25.4,18.7,46.3,63,20,43,0.68,0,0,,,,,,,
128,2021,June,21,4,Corn,No Till,d,2,20.1,25.4,20.1,45.7,63,63,0,0,59,1,59,,,,,,
129,2021,June,29,5,Soy,Till,a,1,26.3,23.3,22.4,60.6,66,66,0,0,0,0,,,,,,,
130,2021,June,29,5,Soy,Till,a,2,26.8,24.5,22.9,59,52,19,33,0.63,0,0,,,,,,,
131,2021,June,29,5,Soy,No Till,a,1,26.2,22.2,21.7,59.3,66,0,66,1,26,1,,26,,,,,
132,2021,June,29,5,Soy,No Till,a,2,25.9,23.3,21.7,59.4,51,0,51,1,12,1,12,,,,,,
133,2021,June,29,5,Corn,Till,a,1,25.7,21.2,22.4,56.1,68,15,53,0.78,3,1,3,,,,,,
134,2021,June,29,5,Corn,Till,a,2,23.4,20.9,22.4,68.4,57,9,48,0.84,0,0,,,,,,,
135,2021,June,29,5,Corn,No Till,a,1,25.9,21.1,21.5,60.7,70,36,34,0.49,6,1,6,,,,,,
136,2021,June,29,5,Corn,No Till,a,2,25.8,21.3,22.1,65.1,67,6,61,0.91,32,1,32,,,,,,
137,2021,June,29,5,Soy,Till,b,1,27.3,25.7,22.6,56.1,63,28,35,0.56,1,1,1,,,,,,
138,2021,June,29,5,Soy,Till,b,2,26.1,26.9,22.8,52.3,69,20,49,0.71,0,0,,,,,,,
139,2021,June,29,5,Soy,No Till,b,1,28.4,24.7,21.5,56,60,32,28,0.47,0,0,,,,,,,
140,2021,June,29,5,Soy,No Till,b,2,26.9,23.5,21.1,53,55,55,0,0,0,0,,,,,,,
141,2021,June,29,5,Corn,Till,b,1,29.3,24.1,22.4,53.6,75,2,73,0.97,13,1,13,,,,,,
142,2021,June,29,5,Corn,Till,b,2,26.5,23.6,22.5,50,62,16,46,0.74,0,0,,,,,,,
143,2021,June,29,5,Corn,No Till,b,1,27.4,23.7,22.6,58.2,64,15,49,0.77,0,0,,,,,,,
144,2021,June,29,5,Corn,No Till,b,2,26.9,24.8,22.5,52.7,55,55,0,0,21,1,21,,,,,,
145,2021,June,29,5,Soy,Till,c,1,23.5,21.2,22.2,63.1,56,56,0,0,2,1,2,,,,,,
146,2021,June,29,5,Soy,Till,c,2,24,22.4,21.8,64.3,62,0,62,1,0,0,,,,,,,
147,2021,June,29,5,Soy,No Till,c,1,23.5,21.3,21.6,63,69,69,0,0,0,0,,,,,,,
148,2021,June,29,5,Soy,No Till,c,2,24.4,22.5,21.9,62.9,64,46,18,0.28,0,0,,,,,,,
149,2021,June,29,5,Corn,Till,c,1,24,19.4,22.5,59.7,69,54,15,0.22,2,1,2,,,,,,
150,2021,June,29,5,Corn,Till,c,2,25.5,20.3,22.1,67,64,62,2,0.03,0,0,,,,,,,
151,2021,June,29,5,Corn,No Till,c,1,23.4,21,22.1,61.3,70,13,57,0.81,0,0,,,,,,,
152,2021,June,29,5,Corn,No Till,c,2,24.9,20.5,22.4,60.6,66,2,64,0.97,0,0,,,,,,,
153,2021,June,29,5,Soy,Till,d,1,24.8,25.4,22.8,61.7,64,64,0,0,0,0,,,,,,,
154,2021,June,29,5,Soy,Till,d,2,25.3,26,22.9,58.1,63,11,52,0.83,0,0,,,,,,,
155,2021,June,29,5,Soy,No Till,d,1,24.9,23.2,21.5,64.5,70,18,52,0.74,0,0,,,,,,,
156,2021,June,29,5,Soy,No Till,d,2,24.6,22.7,22.1,61.9,54,35,19,0.35,0,0,,,,,,,
157,2021,June,29,5,Corn,Till,d,1,25,21.9,22.6,61.3,51,34,17,0.33,1,1,1,,,,,,
158,2021,June,29,5,Corn,Till,d,2,24.2,21.5,22.9,58.4,51,40,11,0.22,80,1,80,,,,,,
159,2021,June,29,5,Corn,No Till,d,1,25.7,22.6,22.5,56.8,53,13,40,0.75,0,0,,,,,,,
160,2021,June,29,5,Corn,No Till,d,2,23.4,23.8,22.8,57.2,78,76,2,0.03,42,2,11,31,,,,,
161,2021,July,7,6,Soy,Till,a,1,18.7,19.3,21.5,76.4,57,53,4,0.07,0,0,,,,,,,
162,2021,July,7,6,Soy,Till,a,2,16.6,19.9,22.1,80,65,38,27,0.42,0,0,,,,,,,
163,2021,July,7,6,Soy,No Till,a,1,18.3,18.3,21,80.5,51,44,7,0.14,16,1,16,,,,,,
164,2021,July,7,6,Soy,No Till,a,2,18,18.7,21.5,80.4,57,5,52,0.91,27,1,27,,,,,,
165,2021,July,7,6,Corn,Till,a,1,20.2,19.5,21.8,73.3,53,2,51,0.96,0,0,,,,,,,
166,2021,July,7,6,Corn,Till,a,2,19,19.2,22.1,72.8,64,19,45,0.7,3,1,3,,,,,,
167,2021,July,7,6,Corn,No Till,a,1,19.3,18.8,21.1,76.6,56,21,35,0.63,2,2,1,,1,,,,
168,2021,July,7,6,Corn,No Till,a,2,18.4,19.3,21.9,75.4,71,5,66,0.93,17,2,15,2,,,,,
169,2021,July,7,6,Soy,Till,b,1,18.8,19.3,21.4,75.9,53,41,12,0.23,0,0,,,,,,,
170,2021,July,7,6,Soy,Till,b,2,18.4,19.1,21.5,76.9,56,15,41,0.73,0,0,,,,,,,
171,2021,July,7,6,Soy,No Till,b,1,18.4,19.2,21.1,75.4,59,28,31,0.53,0,0,,,,,,,
172,2021,July,7,6,Soy,No Till,b,2,18.8,18.6,20.7,77,54,54,0,0,0,0,,,,,,,
173,2021,July,7,6,Corn,Till,b,1,17.9,18.8,21.6,85.1,66,42,24,0.36,0,0,,,,,,,
174,2021,July,7,6,Corn,Till,b,2,18.9,19,21.4,79.7,63,59,4,0.06,2,1,2,,,,,,
175,2021,July,7,6,Corn,No Till,b,1,18.9,19.4,21.6,78,57,56,1,0.02,14,1,14,,,,,,
176,2021,July,7,6,Corn,No Till,b,2,20.2,19.4,21.5,72.5,60,53,7,0.12,0,0,,,,,,,
177,2021,July,7,6,Soy,Till,c,1,17.9,16.7,21.5,74.7,66,65,1,0.02,0,0,,,,,,,
178,2021,July,7,6,Soy,Till,c,2,19.1,17.4,21.2,75.1,55,55,0,0,0,0,,,,,,,
179,2021,July,7,6,Soy,No Till,c,1,17.4,14.4,21.1,73.3,51,31,20,0.39,0,0,,,,,,,
180,2021,July,7,6,Soy,No Till,c,2,18.5,15.2,21.6,78.2,60,60,0,0,0,0,,,,,,,
181,2021,July,7,6,Corn,Till,c,1,17.9,16.8,21.7,75.7,56,55,1,0.02,0,0,,,,,,,
182,2021,July,7,6,Corn,Till,c,2,18.3,17,21.9,78.2,66,32,34,0.52,1,1,1,,,,,,
183,2021,July,7,6,Corn,No Till,c,1,17.8,16.9,21.3,76.5,74,48,26,0.35,0,0,,,,,,,
184,2021,July,7,6,Corn,No Till,c,2,18.9,17.4,18.7,77.2,62,8,54,0.87,0,0,,,,,,,
185,2021,July,7,6,Soy,Till,d,1,17.9,17.4,21.9,80,61,60,1,0.02,1,1,1,,,,,,
186,2021,July,7,6,Soy,Till,d,2,17,17.3,21.4,77.8,61,56,5,0.08,0,0,,,,,,,
187,2021,July,7,6,Soy,No Till,d,1,17.6,16.6,21.4,77.9,61,54,7,0.11,0,0,,,,,,,
188,2021,July,7,6,Soy,No Till,d,2,17.4,16.4,21.4,76.1,52,46,6,0.12,0,0,,,,,,,
189,2021,July,7,6,Corn,Till,d,1,18.2,17.3,21.6,77.2,66,66,0,0,0,0,,,,,,,
190,2021,July,7,6,Corn,Till,d,2,17.4,17.6,22.2,75.4,56,41,15,0.27,26,1,26,,,,,,
191,2021,July,7,6,Corn,No Till,d,1,18.2,17,22.2,78.9,54,45,9,0.17,0,0,,,,,,,
192,2021,July,7,6,Corn,No Till,d,2,17.2,17.1,21.6,76.4,50,42,8,0.16,6,1,6,,,,,,
193,2021,July,16,7,Soy,Till,a,1,20,15.8,20.4,82.3,68,0,68,1,0,0,,,,,,,
194,2021,July,16,7,Soy,Till,a,2,21,18.2,20.9,75.5,83,2,81,0.98,0,0,,,,,,,
195,2021,July,16,7,Soy,No Till,a,1,20.3,16.3,20.2,74.9,55,54,1,0.02,95,1,,95,,,,,
196,2021,July,16,7,Soy,No Till,a,2,21.7,17.5,20.3,77.5,53,5,48,0.91,9,1,9,,,,,,
197,2021,July,16,7,Corn,Till,a,1,21.4,17.8,20.1,82.6,73,65,8,0.11,0,0,,,,,,,
198,2021,July,16,7,Corn,Till,a,2,21.6,17.7,20.7,79.3,59,56,3,0.05,0,0,,,,,,,
199,2021,July,16,7,Corn,No Till,a,1,21.4,18.2,20.5,85.5,58,31,27,0.47,0,0,,,,,,,
200,2021,July,16,7,Corn,No Till,a,2,22,17.6,20.5,86.5,59,2,57,0.97,0,0,,,,,,,
201,2021,July,16,7,Soy,Till,b,1,20.7,14.7,20,79.5,59,56,3,0.05,0,0,,,,,,,
202,2021,July,16,7,Soy,Till,b,2,20.5,15.6,20.1,80.4,63,53,10,0.16,0,0,,,,,,,
203,2021,July,16,7,Soy,No Till,b,1,21.9,16.2,20.5,72.5,59,0,59,1,0,0,,,,,,,
204,2021,July,16,7,Soy,No Till,b,2,21.3,15.7,20.5,77.3,63,3,60,0.95,0,0,,,,,,,
205,2021,July,16,7,Corn,Till,b,1,21.2,15.6,20.1,85.6,55,24,31,0.56,0,0,,,,,,,
206,2021,July,16,7,Corn,Till,b,2,20.7,15.4,20.4,83.2,62,5,57,0.92,0,0,,,,,,,
207,2021,July,16,7,Corn,No Till,b,1,20.3,14.9,20.2,81.9,71,63,8,0.11,1,1,1,,,,,,
208,2021,July,16,7,Corn,No Till,b,2,19.7,16.3,20.2,71.7,63,0,63,1,21,2,2,19,,,,,
209,2021,July,16,7,Soy,Till,c,1,19.6,19.5,19.7,78.4,79,61,18,0.23,0,0,,,,,,,
210,2021,July,16,7,Soy,Till,c,2,19.4,19,19.5,81.3,63,61,2,0.03,0,0,,,,,,,
211,2021,July,16,7,Soy,No Till,c,1,18.9,18.8,19.3,81.2,70,1,69,0.99,0,0,,,,,,,
212,2021,July,16,7,Soy,No Till,c,2,19.2,19.8,19.4,84.6,51,16,35,0.69,0,0,,,,,,,
213,2021,July,16,7,Corn,Till,c,1,20.3,18.8,19.4,84.6,72,19,53,0.74,0,0,,,,,,,
214,2021,July,16,7,Corn,Till,c,2,20,18.2,19,76.6,64,64,0,0,1,1,,,1,,,,
215,2021,July,16,7,Corn,No Till,c,1,20.3,18.8,19.4,83.2,81,29,52,0.64,0,0,,,,,,,
216,2021,July,16,7,Corn,No Till,c,2,19.8,19.1,19.5,83.9,77,28,49,0.64,5,1,5,,,,,,
217,2021,July,16,7,Soy,Till,d,1,20.5,19.8,20.1,79.5,68,68,0,0,0,0,,,,,,,
218,2021,July,16,7,Soy,Till,d,2,20.5,19.1,19.9,77.9,73,69,4,0.05,0,0,,,,,,,
219,2021,July,16,7,Soy,No Till,d,1,20,20.3,19.3,77.4,80,73,7,0.09,0,0,,,,,,,
220,2021,July,16,7,Soy,No Till,d,2,20.4,18.4,19.9,78.7,79,74,5,0.06,0,0,,,,,,,
221,2021,July,16,7,Corn,Till,d,1,21.5,18.7,20.1,85.3,61,56,5,0.08,0,0,,,,,,,
222,2021,July,16,7,Corn,Till,d,2,21.7,19.1,20.5,86,84,63,21,0.25,0,0,,,,,,,
223,2021,July,16,7,Corn,No Till,d,1,22,19,20.3,80.6,58,25,33,0.57,0,0,,,,,,,
224,2021,July,16,7,Corn,No Till,d,2,23,19.2,20.6,76.2,58,1,57,0.98,0,0,,,,,,,
225,2021,July,20,8,Soy,Till,a,1,23,21.3,23.6,72.5,66,60,6,0.09,0,0,,,,,,,
226,2021,July,20,8,Soy,Till,a,2,22.9,22.9,23.8,73.8,58,0,58,1,0,0,,,,,,,
227,2021,July,20,8,Soy,No Till,a,1,22.1,21.9,23.2,75.3,73,1,72,0.99,0,0,,,,,,,
228,2021,July,20,8,Soy,No Till,a,2,21.5,21.2,22.8,72.5,79,0,79,1,135,1,,135,,,,,
229,2021,July,20,8,Corn,Till,a,1,23,20.5,22.3,67,69,61,8,0.12,0,0,,,,,,,
230,2021,July,20,8,Corn,Till,a,2,22.9,20.8,22.8,67.6,55,46,9,0.16,0,0,,,,,,,
231,2021,July,20,8,Corn,No Till,a,1,22.8,21,22.8,72.1,64,28,36,0.56,0,0,,,,,,,
232,2021,July,20,8,Corn,No Till,a,2,22.4,19.6,22.7,71.3,73,12,61,0.84,14,1,,14,,,,,
233,2021,July,20,8,Soy,Till,b,1,22.8,22.9,23.9,72.5,74,74,0,0,0,0,,,,,,,
234,2021,July,20,8,Soy,Till,b,2,22.8,21.1,23.5,70.8,53,48,5,0.09,0,0,,,,,,,
235,2021,July,20,8,Soy,No Till,b,1,23.3,22.1,23.4,70.8,83,0,83,1,0,0,,,,,,,
236,2021,July,20,8,Soy,No Till,b,2,22.7,21.4,22.9,71.4,72,3,69,0.96,0,0,,,,,,,
237,2021,July,20,8,Corn,Till,b,1,23.3,21.8,23.1,73.5,88,18,70,0.8,0,0,,,,,,,
238,2021,July,20,8,Corn,Till,b,2,23.4,21.9,22.9,69.4,76,76,0,0,0,0,,,,,,,
239,2021,July,20,8,Corn,No Till,b,1,24,22.4,23.5,69.9,57,52,5,0.09,0,0,,,,,,,
240,2021,July,20,8,Corn,No Till,b,2,24.2,22.8,23,68.2,76,76,0,0,8,2,1,7,,,,,
241,2021,July,20,8,Soy,Till,c,1,22.4,21,23,70.7,57,57,0,0,0,0,,,,,,,
242,2021,July,20,8,Soy,Till,c,2,23.3,21.6,23.2,72.5,83,2,81,0.98,1,1,,,,1,,,
243,2021,July,20,8,Soy,No Till,c,1,23.1,21.3,23.4,68.4,62,12,50,0.81,0,0,,,,,,,
244,2021,July,20,8,Soy,No Till,c,2,23.9,21.9,23.4,68.7,52,46,6,0.12,1,1,,,,1,,,
245,2021,July,20,8,Corn,Till,c,1,23.6,21.9,22.9,70,85,85,0,0,0,0,,,,,,,
246,2021,July,20,8,Corn,Till,c,2,23.7,21.5,22.5,70.3,69,33,36,0.52,0,0,,,,,,,
247,2021,July,20,8,Corn,No Till,c,1,23.9,21.9,22.9,67.8,68,2,66,0.97,0,0,,,,,,,
248,2021,July,20,8,Corn,No Till,c,2,24.3,21.6,23.1,68.4,61,55,6,0.1,2,1,2,,,,,,
249,2021,July,20,8,Soy,Till,d,1,24.2,22.6,23.8,72.2,95,27,68,0.72,0,0,,,,,,,
250,2021,July,20,8,Soy,Till,d,2,23.7,22.8,23.8,70,83,0,83,1,0,0,,,,,,,
251,2021,July,20,8,Soy,No Till,d,1,23.8,21.9,23.3,71.3,53,0,53,1,34,1,,34,,,,,
252,2021,July,20,8,Soy,No Till,d,2,22.9,22.4,23.6,70.2,83,0,83,1,0,0,,,,,,,
253,2021,July,20,8,Corn,Till,d,1,24.9,24.7,23,71.2,61,57,4,0.07,1,1,1,,,,,,
254,2021,July,20,8,Corn,Till,d,2,24,22.8,23.3,67,57,43,14,0.25,4,1,4,,,,,,
255,2021,July,20,8,Corn,No Till,d,1,24.9,22.7,23.3,68.3,82,73,9,0.11,21,1,,21,,,,,
256,2021,July,20,8,Corn,No Till,d,2,24.1,23.3,23.5,66.5,65,0,65,1,28,1,28,,,,,,
257,2021,July,28,9,Soy,Till,a,1,26.2,24.3,25.9,77.7,50,50,0,0,5,1,5,,,,,,
258,2021,July,28,9,Soy,Till,a,2,27.4,24.9,26.4,76.5,53,18,35,0.66,3,1,3,,,,,,
259,2021,July,28,9,Soy,No Till,a,1,26.7,25.2,26.3,72.9,53,0,53,1,140,2,16,124,,,,,
260,2021,July,28,9,Soy,No Till,a,2,27.3,24.4,25.4,75.5,55,1,54,0.98,7,1,7,,,,,,
261,2021,July,28,9,Corn,Till,a,1,28.3,26.6,26,73.3,50,12,38,0.76,2,1,2,,,,,,
262,2021,July,28,9,Corn,Till,a,2,28.1,26.2,26.1,72.7,86,65,21,0.24,12,1,12,,,,,,
263,2021,July,28,9,Corn,No Till,a,1,27.4,25.7,25.8,77,54,34,20,0.37,46,1,46,,,,,,
264,2021,July,28,9,Corn,No Till,a,2,28.2,26,25.9,73,73,52,21,0.29,22,3,1,17,4,,,,
265,2021,July,28,9,Soy,Till,b,1,27.3,24.9,26.3,77.1,60,6,54,0.9,0,0,,,,,,,
266,2021,July,28,9,Soy,Till,b,2,26.4,25.1,26.5,74.6,81,72,9,0.11,0,0,,,,,,,
267,2021,July,28,9,Soy,No Till,b,1,27.2,23.8,25.7,77.6,50,50,0,0,0,0,,,,,,,
268,2021,July,28,9,Soy,No Till,b,2,26.3,26.5,25.6,76.6,53,53,0,0,0,0,,,,,,,
269,2021,July,28,9,Corn,Till,b,1,28.2,25.7,26.1,73,60,57,3,0.05,1,1,1,,,,,,
270,2021,July,28,9,Corn,Till,b,2,28.6,26.5,26.4,73.3,87,75,12,0.14,0,0,,,,,,,
271,2021,July,28,9,Corn,No Till,b,1,27.9,26.1,26.1,73.6,89,87,2,0.02,0,0,,,,,,,
272,2021,July,28,9,Corn,No Till,b,2,28,26,25.9,74.4,83,8,75,0.9,69,1,69,,,,,,
273,2021,July,28,9,Soy,Till,c,1,28.8,28.6,25.8,72.3,55,44,11,0.2,1,1,1,,,,,,
274,2021,July,28,9,Soy,Till,c,2,28.9,28.8,25.9,74.2,66,60,6,0.09,1,1,1,,,,,,
275,2021,July,28,9,Soy,No Till,c,1,29.2,27.6,25.4,73.2,57,0,57,1,1,1,1,,,,,,
276,2021,July,28,9,Soy,No Till,c,2,28.6,27.2,25.8,73.6,62,0,62,1,0,0,,,,,,,
277,2021,July,28,9,Corn,Till,c,1,29.1,26.8,25.9,73.9,50,40,10,0.2,3,1,3,,,,,,
278,2021,July,28,9,Corn,Till,c,2,28.4,27.2,26,73.3,62,62,0,0,0,0,,,,,,,
279,2021,July,28,9,Corn,No Till,c,1,29.5,27.4,25.8,72.1,56,54,2,0.04,0,0,,,,,,,
280,2021,July,28,9,Corn,No Till,c,2,30,27,25.4,74,82,5,77,0.94,2,1,2,,,,,,
281,2021,July,28,9,Soy,Till,d,1,28,26.3,25.7,74.8,94,61,33,0.35,0,0,,,,,,,
282,2021,July,28,9,Soy,Till,d,2,27.8,26.7,26,73.5,91,87,4,0.04,0,0,,,,,,,
283,2021,July,28,9,Soy,No Till,d,1,27.4,25.2,25.4,73.2,56,3,53,0.95,0,0,,,,,,,
284,2021,July,28,9,Soy,No Till,d,2,27.6,25,25.6,75.5,53,53,0,0,0,0,,,,,,,
285,2021,July,28,9,Corn,Till,d,1,28.5,26.4,25.6,74.8,52,50,2,0.04,3,1,3,,,,,,
286,2021,July,28,9,Corn,Till,d,2,28.7,27,26.1,73,59,55,4,0.07,93,1,93,,,,,,
287,2021,July,28,9,Corn,No Till,d,1,29,27,25.7,73.1,63,63,0,0,35,1,35,,,,,,
288,2021,July,28,9,Corn,No Till,d,2,28.5,27.1,25.9,71.3,56,0,56,1,41,2,20,21,,,,,
289,2021,August,4,10,Soy,Till,a,1,22.7,23.9,22.4,74.5,96,86,10,0.1,0,0,,,,,,,
290,2021,August,4,10,Soy,Till,a,2,22.3,25.4,22.8,78,82,77,5,0.06,4,1,4,,,,,,
291,2021,August,4,10,Soy,No Till,a,1,21.7,24.7,22.8,78.2,78,0,78,1,115,1,,115,,,,,
292,2021,August,4,10,Soy,No Till,a,2,22.6,25.2,22.5,77.9,74,45,29,0.39,10,3,2,7,1,,,,
293,2021,August,4,10,Corn,Till,a,1,24.9,24.8,22.3,66.7,60,14,46,0.77,0,0,,,,,,,
294,2021,August,4,10,Corn,Till,a,2,23.9,26.2,22.5,70,65,0,65,1,1,1,1,,,,,,
295,2021,August,4,10,Corn,No Till,a,1,25.2,26.3,22.4,73.3,53,20,33,0.62,3,2,2,,1,,,,
296,2021,August,4,10,Corn,No Till,a,2,25.3,26.2,22.5,68.8,77,0,77,1,31,1,,31,,,,,
297,2021,August,4,10,Soy,Till,b,1,22.8,24.7,22.5,74.9,52,51,1,0.02,2,1,2,,,,,,
298,2021,August,4,10,Soy,Till,b,2,23.2,24.5,22.7,73,67,14,53,0.79,0,0,,,,,,,
299,2021,August,4,10,Soy,No Till,b,1,23.3,25.2,22.1,70.8,79,5,74,0.94,1,1,,,,,,1,
300,2021,August,4,10,Soy,No Till,b,2,24.1,23.7,22.3,71.3,58,0,58,1,0,0,,,,,,,
301,2021,August,4,10,Corn,Till,b,1,23.1,23.5,22.5,70.6,67,63,4,0.06,0,0,,,,,,,
302,2021,August,4,10,Corn,Till,b,2,24.3,23.6,22.5,68.5,54,48,6,0.11,0,0,,,,,,,
303,2021,August,4,10,Corn,No Till,b,1,23.8,23.9,22.5,70,64,52,12,0.19,9,1,9,,,,,,
304,2021,August,4,10,Corn,No Till,b,2,23.2,24.1,22.3,74.8,83,0,83,1,83,1,,83,,,,,
305,2021,August,4,10,Soy,Till,c,1,23.2,21.4,21.7,78.8,67,56,11,0.16,0,0,,,,,,,
306,2021,August,4,10,Soy,Till,c,2,20.9,23.6,22.1,76.7,73,64,9,0.12,3,3,1,,,1,,1,
307,2021,August,4,10,Soy,No Till,c,1,23.3,23.7,21.8,82.1,79,62,17,0.22,0,0,,,,,,,
308,2021,August,4,10,Soy,No Till,c,2,21.3,25.4,22.4,74.4,57,49,8,0.14,0,0,,,,,,,
309,2021,August,4,10,Corn,Till,c,1,22.8,23.4,22.3,76.4,71,64,7,0.1,0,0,,,,,,,
310,2021,August,4,10,Corn,Till,c,2,23.5,22.5,22.3,71.3,93,0,93,1,1,1,1,,,,,,
311,2021,August,4,10,Corn,No Till,c,1,23.7,21.8,22.4,82.3,77,36,41,0.53,0,0,,,,,,,
312,2021,August,4,10,Corn,No Till,c,2,23.2,22.9,23,74.4,59,57,2,0.03,0,0,,,,,,,
313,2021,August,4,10,Soy,Till,d,1,24.3,24.7,22.5,76.6,58,45,13,0.22,0,0,,,,,,,
314,2021,August,4,10,Soy,Till,d,2,21.3,24,22.3,71.3,60,0,60,1,0,0,,,,,,,
315,2021,August,4,10,Soy,No Till,d,1,21.2,25.3,22.5,74.4,62,0,62,1,0,0,,,,,,,
316,2021,August,4,10,Soy,No Till,d,2,23.8,24.8,22.1,77,64,0,64,1,0,0,,,,,,,
317,2021,August,4,10,Corn,Till,d,1,24.1,25.7,22.6,72,50,47,3,0.06,0,0,,,,,,,
318,2021,August,4,10,Corn,Till,d,2,24.6,25,23,73,55,51,4,0.07,22,1,22,,,,,,
319,2021,August,4,10,Corn,No Till,d,1,24.1,25.7,22.6,70.9,71,0,71,1,30,1,,30,,,,,
320,2021,August,4,10,Corn,No Till,d,2,25.8,25.6,22.5,70.7,64,1,63,0.98,17,1,17,,,,,,
321,2021,August,11,11,Soy,Till,a,1,21.4,20.5,24.1,64.5,59,50,9,0.15,0,0,,,,,,,
322,2021,August,11,11,Soy,Till,a,2,22.5,22.1,24.4,66.2,62,56,6,0.1,2,1,2,,,,,,
323,2021,August,11,11,Soy,No Till,a,1,21,21.3,24.8,64.1,82,0,82,1,159,1,,159,,,,,
324,2021,August,11,11,Soy,No Till,a,2,22,19.9,24.2,66,70,6,64,0.91,0,0,,,,,,,
325,2021,August,11,11,Corn,Till,a,1,21.2,18.9,24,65.3,64,56,8,0.13,0,0,,,,,,,
326,2021,August,11,11,Corn,Till,a,2,23.2,18.7,23.8,60.4,73,59,14,0.19,0,0,,,,,,,
327,2021,August,11,11,Corn,No Till,a,1,20.9,19.9,24.6,67.2,62,26,36,0.58,0,0,,,,,,,
328,2021,August,11,11,Corn,No Till,a,2,21.4,18.9,24.1,66.1,69,30,39,0.57,0,0,,,,,,,
329,2021,August,11,11,Soy,Till,b,1,21,21.1,24.9,64.4,71,50,21,0.3,5,1,5,,,,,,
330,2021,August,11,11,Soy,Till,b,2,21.3,19.7,24.4,65.3,65,52,13,0.2,4,1,4,,,,,,
331,2021,August,11,11,Soy,No Till,b,1,21.3,21.4,24.1,67.3,64,57,7,0.11,0,0,,,,,,,
332,2021,August,11,11,Soy,No Till,b,2,21.9,20.8,24.1,66.4,83,75,8,0.1,0,0,,,,,,,
333,2021,August,11,11,Corn,Till,b,1,20.7,20.1,24.1,67,88,62,26,0.3,0,0,,,,,,,
334,2021,August,11,11,Corn,Till,b,2,21.3,20.5,24.4,67.5,69,50,19,0.28,0,0,,,,,,,
335,2021,August,11,11,Corn,No Till,b,1,21.3,21.2,24.3,65.8,82,60,22,0.27,7,1,7,,,,,,
336,2021,August,11,11,Corn,No Till,b,2,22.4,23.6,24,64.4,66,0,66,1,0,0,,,,,,,
337,2021,August,11,11,Soy,Till,c,1,21.7,21.6,23.1,68.6,84,30,54,0.64,2,1,2,,,,,,
338,2021,August,11,11,Soy,Till,c,2,20.8,21.3,23.8,65.5,83,64,19,0.23,2,1,2,,,,,,
339,2021,August,11,11,Soy,No Till,c,1,22.8,21.7,23.2,63.6,51,0,51,1,0,0,,,,,,,
340,2021,August,11,11,Soy,No Till,c,2,23.1,21.5,24,65.1,76,62,14,0.18,0,0,,,,,,,
341,2021,August,11,11,Corn,Till,c,1,23.3,22,24.4,60.1,94,0,94,1,3,2,2,,1,,,,
342,2021,August,11,11,Corn,Till,c,2,22.8,21.3,23.8,59.7,57,41,16,0.28,0,0,,,,,,,
343,2021,August,11,11,Corn,No Till,c,1,22.7,21.9,23.8,62,76,1,75,0.99,0,0,,,,,,,
344,2021,August,11,11,Corn,No Till,c,2,22.2,22.3,24.4,61.7,77,3,74,0.96,0,0,,,,,,,
345,2021,August,11,11,Soy,Till,d,1,22.4,21.5,23.7,62.5,68,66,2,0.03,0,0,,,,,,,
346,2021,August,11,11,Soy,Till,d,2,22.6,22.6,24.1,62.3,75,54,21,0.28,0,0,,,,,,,
347,2021,August,11,11,Soy,No Till,d,1,22,22,23.8,63.4,53,6,47,0.89,8,1,,8,,,,,
348,2021,August,11,11,Soy,No Till,d,2,23.1,22.5,24.3,62.5,74,60,14,0.19,0,0,,,,,,,
349,2021,August,11,11,Corn,Till,d,1,22.5,23.3,23.6,63.7,77,69,8,0.1,0,0,,,,,,,
350,2021,August,11,11,Corn,Till,d,2,23.2,23.1,24.1,60.5,59,42,17,0.29,13,1,13,,,,,,
351,2021,August,11,11,Corn,No Till,d,1,22.2,22.1,23.7,61.8,53,6,47,0.89,58,1,,58,,,,,
352,2021,August,11,11,Corn,No Till,d,2,22.2,22.4,23.4,61.9,75,75,0,0,66,2,59,7,,,,,
353,2021,August,19,12,Soy,Till,a,1,26.5,22.3,24.7,79.8,55,49,6,0.11,2,1,2,,,,,,
354,2021,August,19,12,Soy,Till,a,2,23.3,22.3,25.4,81.5,70,70,0,0,2,1,,,,,2,,
355,2021,August,19,12,Soy,No Till,a,1,23.6,23.1,25.6,80.5,51,0,51,1,102,2,9,93,,,,,
356,2021,August,19,12,Soy,No Till,a,2,23.8,22.2,25,79.9,60,0,60,1,25,2,24,,1,,,,
357,2021,August,19,12,Corn,Till,a,1,23.3,23.5,25.3,79,55,43,12,0.22,0,0,,,,,,,
358,2021,August,19,12,Corn,Till,a,2,23.7,23.3,25,82.3,78,18,60,0.77,0,0,,,,,,,
359,2021,August,19,12,Corn,No Till,a,1,23.8,23.8,25.1,80.5,88,42,46,0.52,0,0,,,,,,,
360,2021,August,19,12,Corn,No Till,a,2,24,23.5,25.3,80.1,56,44,12,0.21,9,1,,,9,,,,
361,2021,August,19,12,Soy,Till,b,1,23.8,22.9,25.1,80.1,60,59,1,0.02,2,1,2,,,,,,
362,2021,August,19,12,Soy,Till,b,2,22.9,23.4,25.1,74.9,84,58,26,0.31,1,1,1,,,,,,
363,2021,August,19,12,Soy,No Till,b,1,23.8,22.6,25,81.6,77,0,77,1,0,0,,,,,,,
364,2021,August,19,12,Soy,No Till,b,2,23,22.6,25.2,80.2,64,55,9,0.14,0,0,,,,,,,
365,2021,August,19,12,Corn,Till,b,1,25.4,24,25.5,80.9,74,64,10,0.14,0,0,,,,,,,
366,2021,August,19,12,Corn,Till,b,2,24.1,24,25.4,79.4,75,55,20,0.27,0,0,,,,,,,
367,2021,August,19,12,Corn,No Till,b,1,24.5,23.6,25.4,80.5,79,76,3,0.04,7,1,7,,,,,,
368,2021,August,19,12,Corn,No Till,b,2,23.8,23.3,24.8,81.7,57,28,29,0.51,28,1,,28,,,,,
369,2021,August,19,12,Soy,Till,c,1,24.3,22,24.4,70.4,55,16,39,0.71,0,0,,,,,,,
370,2021,August,19,12,Soy,Till,c,2,25,24.4,24.8,72.3,71,67,4,0.06,6,2,4,,,,,2,
371,2021,August,19,12,Soy,No Till,c,1,25.3,23.3,25.2,72.4,85,78,7,0.08,0,0,,,,,,,
372,2021,August,19,12,Soy,No Till,c,2,24.5,23.6,24.8,70.1,60,50,10,0.17,4,2,3,,,,,1,
373,2021,August,19,12,Corn,Till,c,1,24.8,24.6,24.4,67.8,83,66,17,0.2,0,0,,,,,,,
374,2021,August,19,12,Corn,Till,c,2,25.7,24.3,24.6,68.7,98,77,21,0.21,0,0,,,,,,,
375,2021,August,19,12,Corn,No Till,c,1,25.7,24.9,24.6,72.8,74,1,73,0.99,5,1,5,,,,,,
376,2021,August,19,12,Corn,No Till,c,2,25.7,25,24.7,73,61,47,14,0.23,0,0,,,,,,,
377,2021,August,19,12,Soy,Till,d,1,24.3,23.9,24.8,77.6,66,56,10,0.15,0,0,,,,,,,
378,2021,August,19,12,Soy,Till,d,2,24.2,23.8,25.2,75.3,67,42,25,0.37,0,0,,,,,,,
379,2021,August,19,12,Soy,No Till,d,1,24.4,23.7,24.8,76.2,68,0,68,1,0,0,,,,,,,
380,2021,August,19,12,Soy,No Till,d,2,24.2,23.7,25.1,75.5,59,0,59,1,0,0,,,,,,,
381,2021,August,19,12,Corn,Till,d,1,24.4,25,24.2,76.6,64,50,14,0.22,1,1,1,,,,,,
382,2021,August,19,12,Corn,Till,d,2,24.2,25,24.8,74.7,66,20,46,0.7,0,0,,,,,,,
383,2021,August,19,12,Corn,No Till,d,1,24.7,24.5,25.4,75.6,75,0,75,1,104,1,,104,,,,,
384,2021,August,19,12,Corn,No Till,d,2,24.5,24.4,24.9,73.9,60,1,59,0.98,12,1,12,,,,,,
385,2022,June,3,1,Soy,Till,a,1,15.2,16.6,13.7,50,65,55,10,0.15,0,0,,,,,,,
386,2022,June,3,1,Soy,Till,a,2,14.8,16,13.6,52.2,58,52,6,0.1,0,0,,,,,,,
387,2022,June,3,1,Soy,No Till,a,1,15.3,15.5,12.4,49.8,52,49,3,0.06,0,0,,,,,,,
388,2022,June,3,1,Soy,No Till,a,2,15.4,16.2,12.6,50.1,59,41,18,0.31,0,0,,,,,,,
389,2022,June,3,1,Corn,Till,a,1,14.8,15.6,13.9,56.7,54,53,1,0.02,1,1,1,,,,,,
390,2022,June,3,1,Corn,Till,a,2,15.1,15.2,14,53.1,53,43,10,0.19,0,0,,,,,,,
391,2022,June,3,1,Corn,No Till,a,1,14.4,15.1,13,52.8,65,57,8,0.12,0,0,,,,,,,
392,2022,June,3,1,Corn,No Till,a,2,15.5,17.4,12.4,54.5,61,60,1,0.02,0,0,,,,,,,
393,2022,June,3,1,Soy,Till,b,1,13.9,10.4,13.2,54.8,52,52,0,0,2,1,2,,,,,,
394,2022,June,3,1,Soy,Till,b,2,14.4,11,13.3,53.3,54,53,1,0.02,0,0,,,,,,,
395,2022,June,3,1,Soy,No Till,b,1,15.2,12.6,12.4,52.4,60,52,8,0.13,0,0,,,,,,,
396,2022,June,3,1,Soy,No Till,b,2,14.3,13,12.9,51.9,53,47,6,0.11,0,0,,,,,,,
397,2022,June,3,1,Corn,Till,b,1,15.2,15.1,14,52.3,59,57,2,0.03,0,0,,,,,,,
398,2022,June,3,1,Corn,Till,b,2,15.7,12.6,13.4,58.1,50,49,1,0.02,0,0,,,,,,,
399,2022,June,3,1,Corn,No Till,b,1,15.1,14.9,13.6,52.3,50,50,0,0,0,0,,,,,,,
400,2022,June,3,1,Corn,No Till,b,2,15.8,13.3,12.8,54.3,54,54,0,0,0,0,,,,,,,
401,2022,June,3,1,Soy,Till,c,1,14.8,14.5,13.5,55.6,52,51,1,0.02,0,0,,,,,,,
402,2022,June,3,1,Soy,Till,c,2,13.9,14.4,13.1,54.9,52,47,5,0.1,0,0,,,,,,,
403,2022,June,3,1,Soy,No Till,c,1,15,15.1,12.6,54.9,57,55,2,0.04,0,0,,,,,,,
404,2022,June,3,1,Soy,No Till,c,2,13.5,14.3,12.5,54.8,51,49,2,0.04,0,0,,,,,,,
405,2022,June,3,1,Corn,Till,c,1,15.3,15.7,13.6,54.8,56,55,1,0.02,4,1,4,,,,,,
406,2022,June,3,1,Corn,Till,c,2,15.1,17.2,14.8,57.8,54,53,1,0.02,3,1,3,,,,,,
407,2022,June,3,1,Corn,No Till,c,1,13.9,15.9,12.8,57,62,62,0,0,0,0,,,,,,,
408,2022,June,3,1,Corn,No Till,c,2,13.1,15.2,12.7,57.6,53,53,0,0,0,0,,,,,,,
409,2022,June,3,1,Soy,Till,d,1,13,16.8,13.8,55.8,56,56,0,0,0,0,,,,,,,
410,2022,June,3,1,Soy,Till,d,2,13.5,17.5,13.8,57,56,53,3,0.05,14,1,14,,,,,,
411,2022,June,3,1,Soy,No Till,d,1,14.9,17.5,12.7,53.4,59,56,3,0.05,0,0,,,,,,,
412,2022,June,3,1,Soy,No Till,d,2,14.6,17.6,13.1,52.4,63,59,4,0.06,0,0,,,,,,,
413,2022,June,3,1,Corn,Till,d,1,14,17,13.4,53,57,57,0,0,0,0,,,,,,,
414,2022,June,3,1,Corn,Till,d,2,12.9,17.7,13.6,57.2,53,53,0,0,0,0,,,,,,,
415,2022,June,3,1,Corn,No Till,d,1,14.7,16.8,12,51.6,53,53,0,0,0,0,,,,,,,
416,2022,June,3,1,Corn,No Till,d,2,14.8,18.6,12.9,57.4,51,50,1,0.02,0,0,,,,,,,
417,2022,June,8,2,Soy,Till,a,1,20.8,23,16.3,62.9,66,61,5,0.08,1,1,1,,,,,,
418,2022,June,8,2,Soy,Till,a,2,22.1,22,16.5,63.7,61,34,27,0.44,10,1,10,,,,,,
419,2022,June,8,2,Soy,No Till,a,1,19.7,25.4,15.6,67.5,54,53,1,0.02,0,0,,,,,,,
420,2022,June,8,2,Soy,No Till,a,2,19.8,21.3,15.5,66.4,54,46,8,0.15,0,0,,,,,,,
421,2022,June,8,2,Corn,Till,a,1,19.2,21.5,16.4,65.7,52,51,1,0.02,0,0,,,,,,,
422,2022,June,8,2,Corn,Till,a,2,20.6,22.5,16.4,71.2,51,49,2,0.04,1,1,1,,,,,,
423,2022,June,8,2,Corn,No Till,a,1,19.4,21.8,16,64.8,51,47,4,0.08,8,2,7,,,,,1,
424,2022,June,8,2,Corn,No Till,a,2,20.4,21.6,15.5,67.7,50,30,20,0.4,0,0,,,,,,,
425,2022,June,8,2,Soy,Till,b,1,22.9,22.8,16.4,64.1,53,53,0,0,0,0,,,,,,,
426,2022,June,8,2,Soy,Till,b,2,21.1,22.9,16.5,60.2,53,53,0,0,8,1,8,,,,,,
427,2022,June,8,2,Soy,No Till,b,1,22.1,24.9,15.6,58.7,59,55,4,0.07,0,0,,,,,,,
428,2022,June,8,2,Soy,No Till,b,2,23.4,22.6,15.8,61.4,50,39,11,0.22,3,1,3,,,,,,
429,2022,June,8,2,Corn,Till,b,1,20.2,20.9,16.2,72.5,57,57,0,0,0,0,,,,,,,
430,2022,June,8,2,Corn,Till,b,2,18,20.4,16.4,71.9,52,52,0,0,1,1,1,,,,,,
431,2022,June,8,2,Corn,No Till,b,1,20.9,20.8,15.7,69,52,52,0,0,1,1,1,,,,,,
432,2022,June,8,2,Corn,No Till,b,2,20.2,22.1,15.5,62.8,56,47,9,0.16,0,0,,,,,,,
433,2022,June,8,2,Soy,Till,c,1,20.1,19.4,16.5,64.4,53,46,7,0.13,8,1,8,,,,,,
434,2022,June,8,2,Soy,Till,c,2,20.1,18.2,16.5,67.1,51,30,21,0.41,20,1,20,,,,,,
435,2022,June,8,2,Soy,No Till,c,1,19.4,19.2,15.7,65.4,58,36,22,0.38,14,1,14,,,,,,
436,2022,June,8,2,Soy,No Till,c,2,19.9,19.8,15.8,64.4,66,66,0,0,18,1,18,,,,,,
437,2022,June,8,2,Corn,Till,c,1,20,20.4,16.5,63.3,52,52,0,0,0,0,,,,,,,
438,2022,June,8,2,Corn,Till,c,2,19.8,20,16.6,65.2,57,55,2,0.04,0,0,,,,,,,
439,2022,June,8,2,Corn,No Till,c,1,20.6,19.1,15.8,59.7,73,67,6,0.08,0,0,,,,,,,
440,2022,June,8,2,Corn,No Till,c,2,21.2,19.7,15.9,62.2,63,60,3,0.05,0,0,,,,,,,
441,2022,June,8,2,Soy,Till,d,1,19.7,21.7,16.8,65,55,53,2,0.04,0,0,,,,,,,
442,2022,June,8,2,Soy,Till,d,2,20.1,22.3,16.7,62,58,53,5,0.09,23,1,23,,,,,,
443,2022,June,8,2,Soy,No Till,d,1,21,22,15.9,62.1,66,42,24,0.36,35,1,35,,,,,,
444,2022,June,8,2,Soy,No Till,d,2,22.1,21.3,16.2,58.5,54,53,1,0.02,2,1,2,,,,,,
445,2022,June,8,2,Corn,Till,d,1,19.8,22.1,16.7,63.1,53,53,0,0,0,0,,,,,,,
446,2022,June,8,2,Corn,Till,d,2,19,21,16.7,66.5,51,51,0,0,0,0,,,,,,,
447,2022,June,8,2,Corn,No Till,d,1,21,20.1,15.6,62.9,53,52,1,0.02,0,0,,,,,,,
448,2022,June,8,2,Corn,No Till,d,2,21.7,20.6,15.8,59.5,52,51,1,0.02,0,0,,,,,,,
449,2022,June,16,3,Soy,Till,a,1,19.6,18.6,17.4,56.2,68,62,6,0.09,10,1,10,,,,,,
450,2022,June,16,3,Soy,Till,a,2,19.1,16.7,17.4,56.6,59,57,2,0.03,23,1,23,,,,,,
451,2022,June,16,3,Soy,No Till,a,1,19.6,19.2,16.6,55,52,50,2,0.04,0,0,,,,,,,
452,2022,June,16,3,Soy,No Till,a,2,19.8,17.7,16.5,54,52,48,4,0.08,20,1,20,,,,,,
453,2022,June,16,3,Corn,Till,a,1,19.9,18.1,18,55.9,52,49,3,0.06,0,0,,,,,,,
454,2022,June,16,3,Corn,Till,a,2,19.4,18.2,18,56.4,51,45,6,0.12,0,0,,,,,,,
455,2022,June,16,3,Corn,No Till,a,1,19.4,17.8,16.7,54.9,55,55,0,0,3,2,2,,,,,1,
456,2022,June,16,3,Corn,No Till,a,2,19.7,18.9,16.4,54.1,62,58,4,0.06,7,1,7,,,,,,
457,2022,June,16,3,Soy,Till,b,1,20,18.1,17.6,55.3,58,52,6,0.1,0,0,,,,,,,
458,2022,June,16,3,Soy,Till,b,2,20.3,18.5,17.8,54.8,68,66,2,0.03,2,1,2,,,,,,
459,2022,June,16,3,Soy,No Till,b,1,19.9,17.4,16.6,53.6,55,54,1,0.02,3,1,3,,,,,,
460,2022,June,16,3,Soy,No Till,b,2,19.5,17.9,16.8,53.5,50,48,2,0.04,9,1,9,,,,,,
461,2022,June,16,3,Corn,Till,b,1,20,17.8,17.9,54.2,63,58,5,0.08,0,0,,,,,,,
462,2022,June,16,3,Corn,Till,b,2,19.5,16.9,17.9,54.1,51,50,1,0.02,0,0,,,,,,,
463,2022,June,16,3,Corn,No Till,b,1,20.5,18.8,17,55.6,56,56,0,0,0,0,,,,,,,
464,2022,June,16,3,Corn,No Till,b,2,19.8,17.8,16.6,53.8,59,57,2,0.03,0,0,,,,,,,
465,2022,June,16,3,Soy,Till,c,1,20.3,21,17.7,52.8,56,55,1,0.02,5,1,5,,,,,,
466,2022,June,16,3,Soy,Till,c,2,21.2,20,17.3,54.6,67,37,30,0.45,5,1,5,,,,,,
467,2022,June,16,3,Soy,No Till,c,1,19.5,19.7,16.8,54.3,57,53,4,0.07,5,1,5,,,,,,
468,2022,June,16,3,Soy,No Till,c,2,20.7,19.3,16.6,56.6,53,42,11,0.21,4,1,4,,,,,,
469,2022,June,16,3,Corn,Till,c,1,19.4,21.9,17.6,56.5,50,45,5,0.1,0,0,,,,,,,
470,2022,June,16,3,Corn,Till,c,2,20.8,18.3,17.6,55.4,58,49,9,0.16,0,0,,,,,,,
471,2022,June,16,3,Corn,No Till,c,1,19.2,20.7,16.8,53.5,50,44,6,0.12,0,0,,,,,,,
472,2022,June,16,3,Corn,No Till,c,2,20.8,19.2,16.8,55.4,55,54,1,0.02,0,0,,,,,,,
473,2022,June,16,3,Soy,Till,d,1,19.9,19.4,17.4,53.5,53,53,0,0,0,0,,,,,,,
474,2022,June,16,3,Soy,Till,d,2,20.9,18.6,17.6,55.3,54,28,26,0.48,12,1,12,,,,,,
475,2022,June,16,3,Soy,No Till,d,1,19.3,17.7,16.5,52.8,57,53,4,0.07,7,1,7,,,,,,
476,2022,June,16,3,Soy,No Till,d,2,21.6,17.5,16.4,52.5,55,50,5,0.09,2,1,2,,,,,,
477,2022,June,16,3,Corn,Till,d,1,19.4,19.4,17.9,53.1,55,49,6,0.11,0,0,,,,,,,
478,2022,June,16,3,Corn,Till,d,2,21.2,18.4,17.4,54.2,51,48,3,0.06,0,0,,,,,,,
479,2022,June,16,3,Corn,No Till,d,1,19.2,19.3,16.8,54.5,55,52,3,0.05,0,0,,,,,,,
480,2022,June,16,3,Corn,No Till,d,2,20.7,19,17.1,55.9,54,48,6,0.11,0,0,,,,,,,
481,2022,June,23,4,Soy,Till,a,1,25.9,24,22.8,66.9,57,56,1,0.02,27,1,27,,,,,,
482,2022,June,23,4,Soy,Till,a,2,24,24.5,23.2,66.3,54,49,5,0.09,101,1,101,,,,,,
483,2022,June,23,4,Soy,No Till,a,1,25.1,24.2,22,66.8,55,35,20,0.36,9,1,9,,,,,,
484,2022,June,23,4,Soy,No Till,a,2,24.3,22.8,21.5,63.4,52,51,1,0.02,41,1,41,,,,,,
485,2022,June,23,4,Corn,Till,a,1,26.4,26.5,23.8,66.4,51,51,0,0,0,0,,,,,,,
486,2022,June,23,4,Corn,Till,a,2,25,25.9,23.4,63.6,54,48,6,0.11,3,1,3,,,,,,
487,2022,June,23,4,Corn,No Till,a,1,25.8,25.3,22.3,66.8,50,39,11,0.22,56,1,56,,,,,,
488,2022,June,23,4,Corn,No Till,a,2,25,24.2,22,64.5,52,48,4,0.08,6,1,6,,,,,,
489,2022,June,23,4,Soy,Till,b,1,24.5,21.6,22.8,66.7,50,50,0,0,58,1,58,,,,,,
490,2022,June,23,4,Soy,Till,b,2,25.8,23.5,23.2,66.1,53,53,0,0,130,1,130,,,,,,
491,2022,June,23,4,Soy,No Till,b,1,24.7,23.3,21.9,62.8,53,26,27,0.51,41,1,41,,,,,,
492,2022,June,23,4,Soy,No Till,b,2,24.9,24.3,22.3,66.2,51,49,2,0.04,38,1,38,,,,,,
493,2022,June,23,4,Corn,Till,b,1,26.4,25.7,23.3,67.5,52,47,5,0.1,2,1,2,,,,,,
494,2022,June,23,4,Corn,Till,b,2,24.8,26.5,23.7,62.4,55,52,3,0.05,1,1,1,,,,,,
495,2022,June,23,4,Corn,No Till,b,1,24.6,25.4,22.4,62.9,52,40,12,0.23,1,1,1,,,,,,
496,2022,June,23,4,Corn,No Till,b,2,26.6,26.2,22.1,64.5,53,50,3,0.06,0,0,,,,,,,
497,2022,June,23,4,Soy,Till,c,1,26.5,26.3,23.1,66.2,54,42,12,0.22,60,1,60,,,,,,
498,2022,June,23,4,Soy,Till,c,2,25.5,26.1,23.1,63.4,53,41,12,0.23,132,1,132,,,,,,
499,2022,June,23,4,Soy,No Till,c,1,25.4,24.8,22.3,63.9,54,50,4,0.07,4,1,4,,,,,,
500,2022,June,23,4,Soy,No Till,c,2,26.1,27.7,21.9,64.8,54,48,6,0.11,68,1,68,,,,,,
501,2022,June,23,4,Corn,Till,c,1,26.8,25.1,23.4,63.2,56,56,0,0,0,0,,,,,,,
502,2022,June,23,4,Corn,Till,c,2,25.9,26,23.1,61.4,53,53,0,0,0,0,,,,,,,
503,2022,June,23,4,Corn,No Till,c,1,26.6,27.1,22.1,64.6,52,52,0,0,0,0,,,,,,,
504,2022,June,23,4,Corn,No Till,c,2,25.6,24.4,21.8,63.1,54,40,14,0.26,0,0,,,,,,,
505,2022,June,23,4,Soy,Till,d,1,25.3,27.6,22.8,64,51,50,1,0.02,0,0,,,,,,,
506,2022,June,23,4,Soy,Till,d,2,25.5,26,22.6,64.7,54,52,2,0.04,42,1,42,,,,,,
507,2022,June,23,4,Soy,No Till,d,1,24.6,26.2,21.4,63.3,55,53,2,0.04,48,1,48,,,,,,
508,2022,June,23,4,Soy,No Till,d,2,25.7,25.7,21.6,64.7,56,46,10,0.18,52,1,52,,,,,,
509,2022,June,23,4,Corn,Till,d,1,25.3,28.4,23,63.4,51,49,2,0.04,0,0,,,,,,,
510,2022,June,23,4,Corn,Till,d,2,25.6,27.9,23.1,63.8,54,54,0,0,0,0,,,,,,,
511,2022,June,23,4,Corn,No Till,d,1,25.7,27.3,21.7,62.5,52,48,4,0.08,0,0,,,,,,,
512,2022,June,23,4,Corn,No Till,d,2,25.7,27.8,22,63.7,57,57,0,0,0,0,,,,,,,
513,2022,July,1,5,Soy,Till,a,1,23.3,21.3,23.4,64.5,60,53,7,0.12,34,1,34,,,,,,
514,2022,July,1,5,Soy,Till,a,2,22.9,21.7,23.6,62.9,50,42,8,0.16,88,1,88,,,,,,
515,2022,July,1,5,Soy,No Till,a,1,24.2,24.7,22.8,64.7,54,46,8,0.15,6,1,6,,,,,,
516,2022,July,1,5,Soy,No Till,a,2,22.9,23,22.8,64.1,55,46,9,0.16,21,1,21,,,,,,
517,2022,July,1,5,Corn,Till,a,1,23.8,26.5,23.6,59.9,50,50,0,0,9,1,9,,,,,,
518,2022,July,1,5,Corn,Till,a,2,23.7,25.9,23.8,61.8,55,19,36,0.65,16,1,16,,,,,,
519,2022,July,1,5,Corn,No Till,a,1,21.6,25.8,22.6,59.5,52,44,8,0.15,105,2,85,20,,,,,
520,2022,July,1,5,Corn,No Till,a,2,22.3,26,23.1,66.9,58,1,57,0.98,21,1,21,,,,,,
521,2022,July,1,5,Soy,Till,b,1,22.7,19.7,23.1,61.4,56,56,0,0,51,1,51,,,,,,
522,2022,July,1,5,Soy,Till,b,2,21.9,18.2,22.8,65.3,52,24,28,0.54,86,1,86,,,,,,
523,2022,July,1,5,Soy,No Till,b,1,22.2,20.9,22.9,66.4,50,0,50,1,34,1,34,,,,,,
524,2022,July,1,5,Soy,No Till,b,2,22.8,20.6,22.6,64,53,50,3,0.06,25,1,25,,,,,,
525,2022,July,1,5,Corn,Till,b,1,22.6,24.2,23.6,66.5,62,3,59,0.95,10,1,10,,,,,,
526,2022,July,1,5,Corn,Till,b,2,21.9,25.1,24,60.7,55,51,4,0.07,7,1,7,,,,,,
527,2022,July,1,5,Corn,No Till,b,1,24.3,24.6,23.1,59.2,66,63,3,0.05,0,0,,,,,,,
528,2022,July,1,5,Corn,No Till,b,2,21,26.3,23.3,58,53,34,19,0.36,0,0,,,,,,,
529,2022,July,1,5,Soy,Till,c,1,21.7,23.8,22.7,63.9,69,49,20,0.29,77,1,77,,,,,,
530,2022,July,1,5,Soy,Till,c,2,22.8,24.2,22.3,63.1,51,14,37,0.73,122,1,122,,,,,,
531,2022,July,1,5,Soy,No Till,c,1,20.8,22.9,22.3,61.6,62,57,5,0.08,7,1,7,,,,,,
532,2022,July,1,5,Soy,No Till,c,2,22.7,25.1,22.5,60.8,59,17,42,0.71,68,1,68,,,,,,
533,2022,July,1,5,Corn,Till,c,1,23.1,26.6,23,59.1,51,51,0,0,1,1,1,,,,,,
534,2022,July,1,5,Corn,Till,c,2,24.3,26.8,22.9,58.8,52,44,8,0.15,2,1,2,,,,,,
535,2022,July,1,5,Corn,No Till,c,1,21.8,26.9,22.3,58.7,52,51,1,0.02,0,0,,,,,,,
536,2022,July,1,5,Corn,No Till,c,2,23,25.6,22.5,61.4,56,17,39,0.7,0,0,,,,,,,
537,2022,July,1,5,Soy,Till,d,1,23.3,27.1,23.4,61.8,59,0,59,1,0,0,,,,,,,
538,2022,July,1,5,Soy,Till,d,2,21.6,27.2,23.1,61.5,50,50,0,0,33,1,33,,,,,,
539,2022,July,1,5,Soy,No Till,d,1,22.7,28,22.7,62.5,61,2,59,0.97,11,1,11,,,,,,
540,2022,July,1,5,Soy,No Till,d,2,21.6,27.5,22.7,64.5,51,0,51,1,30,2,6,24,,,,,
541,2022,July,1,5,Corn,Till,d,1,23.6,26,22.9,58.7,62,61,1,0.02,0,0,,,,,,,
542,2022,July,1,5,Corn,Till,d,2,22.4,27.3,23.2,59.4,51,51,0,0,9,1,9,,,,,,
543,2022,July,1,5,Corn,No Till,d,1,23.9,27,21.9,59.9,61,43,18,0.3,4,1,4,,,,,,
544,2022,July,1,5,Corn,No Till,d,2,22.9,27.1,22.3,55.5,53,52,1,0.02,0,0,,,,,,,
545,2022,July,7,6,Soy,Till,a,1,24.4,19.5,22.6,79.8,50,6,44,0.88,0,0,,,,,,,
546,2022,July,7,6,Soy,Till,a,2,24.9,19.3,22.5,85,55,1,54,0.98,17,1,17,,,,,,
547,2022,July,7,6,Soy,No Till,a,1,24.4,20,22.3,84.5,56,29,27,0.48,5,1,5,,,,,,
548,2022,July,7,6,Soy,No Till,a,2,23.9,20,22.4,89.1,53,12,41,0.77,22,1,22,,,,,,
549,2022,July,7,6,Corn,Till,a,1,24.4,21.3,22.9,85.7,51,25,26,0.51,1,1,1,,,,,,
550,2022,July,7,6,Corn,Till,a,2,23.8,21.2,22.8,88.5,55,45,10,0.18,17,1,17,,,,,,
551,2022,July,7,6,Corn,No Till,a,1,24.1,20.9,23,84.8,53,15,38,0.72,77,1,77,,,,,,
552,2022,July,7,6,Corn,No Till,a,2,24.6,20.6,22.7,88.4,57,0,57,1,1,1,1,,,,,,
553,2022,July,7,6,Soy,Till,b,1,23.7,21.2,22.6,91.8,55,0,55,1,39,1,39,,,,,,
554,2022,July,7,6,Soy,Till,b,2,24.2,21.3,22.7,92.5,51,3,48,0.94,50,1,50,,,,,,
555,2022,July,7,6,Soy,No Till,b,1,23.4,21.7,22.7,87.4,57,30,27,0.47,6,1,6,,,,,,
556,2022,July,7,6,Soy,No Till,b,2,23.1,21.5,22.7,88.8,54,0,54,1,11,1,11,,,,,,
557,2022,July,7,6,Corn,Till,b,1,23.4,21.1,22.9,87.4,50,0,50,1,22,1,22,,,,,,
558,2022,July,7,6,Corn,Till,b,2,22.8,21.2,22.8,87.7,55,8,47,0.85,0,0,,,,,,,
559,2022,July,7,6,Corn,No Till,b,1,24.5,21.6,22.7,84.6,53,0,53,1,0,0,,,,,,,
560,2022,July,7,6,Corn,No Till,b,2,23.6,20.8,22.8,87.3,55,1,54,0.98,0,0,,,,,,,
561,2022,July,7,6,Soy,Till,c,1,23.4,21.7,22.7,86.9,56,51,5,0.09,8,1,8,,,,,,
562,2022,July,7,6,Soy,Till,c,2,23.9,21.6,22.7,87.2,63,60,3,0.05,25,1,25,,,,,,
563,2022,July,7,6,Soy,No Till,c,1,23.3,21.2,22.5,87.7,58,9,49,0.84,3,1,3,,,,,,
564,2022,July,7,6,Soy,No Till,c,2,23.3,21.5,22.5,86,50,15,35,0.7,36,1,36,,,,,,
565,2022,July,7,6,Corn,Till,c,1,23.7,21.8,23.1,84.3,54,42,12,0.22,0,0,,,,,,,
566,2022,July,7,6,Corn,Till,c,2,24.1,21.9,22.9,83.8,54,23,31,0.57,0,0,,,,,,,
567,2022,July,7,6,Corn,No Till,c,1,24.2,21.9,22.7,88.8,51,0,51,1,0,0,,,,,,,
568,2022,July,7,6,Corn,No Till,c,2,23.9,21.9,22.9,86.8,50,27,23,0.46,4,1,4,,,,,,
569,2022,July,7,6,Soy,Till,d,1,22.4,22.7,23.2,85.7,52,32,20,0.38,5,1,5,,,,,,
570,2022,July,7,6,Soy,Till,d,2,22.8,22.7,23.1,84.7,62,7,55,0.89,6,1,6,,,,,,
571,2022,July,7,6,Soy,No Till,d,1,23,22.8,23.2,81,59,2,57,0.97,18,1,18,,,,,,
572,2022,July,7,6,Soy,No Till,d,2,24.2,22.6,23,79.4,55,1,54,0.98,18,1,18,,,,,,
573,2022,July,7,6,Corn,Till,d,1,22.9,22.8,23.4,86.9,50,29,21,0.42,0,0,,,,,,,
574,2022,July,7,6,Corn,Till,d,2,23.4,23,23.2,88.7,57,36,21,0.37,0,0,,,,,,,
575,2022,July,7,6,Corn,No Till,d,1,23,22.9,23.1,86.1,50,5,45,0.9,0,0,,,,,,,
576,2022,July,7,6,Corn,No Till,d,2,23.6,22.8,23.3,87.7,57,48,9,0.16,0,0,,,,,,,
577,2022,July,11,7,Soy,Till,a,1,21.4,15.8,24,65.6,53,53,0,0,6,1,6,,,,,,
578,2022,July,11,7,Soy,Till,a,2,22,16.3,24.1,63.6,55,4,51,0.93,35,1,35,,,,,,
579,2022,July,11,7,Soy,No Till,a,1,20.8,17,23.4,67.5,55,18,37,0.67,2,1,2,,,,,,
580,2022,July,11,7,Soy,No Till,a,2,21.1,15.2,23.4,68.5,65,63,2,0.03,3,1,3,,,,,,
581,2022,July,11,7,Corn,Till,a,1,20.9,19.9,23.7,67.4,55,31,24,0.44,0,0,,,,,,,
582,2022,July,11,7,Corn,Till,a,2,21.2,20.1,24.2,66.9,65,58,7,0.11,14,1,14,,,,,,
583,2022,July,11,7,Corn,No Till,a,1,20.8,18.4,24.1,67.2,57,15,42,0.74,49,1,49,,,,,,
584,2022,July,11,7,Corn,No Till,a,2,21.1,17.2,23.3,66.8,55,2,53,0.96,1,1,1,,,,,,
585,2022,July,11,7,Soy,Till,b,1,21.3,19.8,23.7,65.7,61,53,8,0.13,73,1,73,,,,,,
586,2022,July,11,7,Soy,Till,b,2,21.6,19.9,24.1,65.2,57,5,52,0.91,63,1,63,,,,,,
587,2022,July,11,7,Soy,No Till,b,1,21.2,19.9,23.6,65.2,55,6,49,0.89,11,1,11,,,,,,
588,2022,July,11,7,Soy,No Till,b,2,21.4,19.6,23.6,65.7,55,43,12,0.22,56,1,56,,,,,,
589,2022,July,11,7,Corn,Till,b,1,21.1,20.3,23.8,64.9,54,46,8,0.15,14,1,14,,,,,,
590,2022,July,11,7,Corn,Till,b,2,21.5,20.6,24.4,66.4,61,57,4,0.07,1,1,1,,,,,,
591,2022,July,11,7,Corn,No Till,b,1,21.5,20.4,23.8,70.5,53,42,11,0.21,0,0,,,,,,,
592,2022,July,11,7,Corn,No Till,b,2,21.4,20,23.3,66.1,54,3,51,0.94,9,1,9,,,,,,
593,2022,July,11,7,Soy,Till,c,1,21.3,21,24,66.2,51,49,2,0.04,77,1,77,,,,,,
594,2022,July,11,7,Soy,Till,c,2,21.2,20.8,24,65.4,54,50,4,0.07,53,1,53,,,,,,
595,2022,July,11,7,Soy,No Till,c,1,21.5,20.6,23.7,65.4,52,50,2,0.04,14,1,14,,,,,,
596,2022,July,11,7,Soy,No Till,c,2,21.2,21,23.4,65.3,58,42,16,0.28,28,1,28,,,,,,
597,2022,July,11,7,Corn,Till,c,1,23.1,24.9,24.7,66.3,58,43,15,0.26,0,0,,,,,,,
598,2022,July,11,7,Corn,Till,c,2,21.5,23.1,24.4,64.9,50,13,37,0.74,0,0,,,,,,,
599,2022,July,11,7,Corn,No Till,c,1,21.9,21,23.8,63.1,50,34,16,0.32,1,1,1,,,,,,
600,2022,July,11,7,Corn,No Till,c,2,22.6,21.3,24.4,74.9,50,48,2,0.04,0,0,,,,,,,
601,2022,July,11,7,Soy,Till,d,1,21.6,22.8,24.8,66.9,63,12,51,0.81,5,1,5,,,,,,
602,2022,July,11,7,Soy,Till,d,2,21.4,22.6,24.8,65.3,52,6,46,0.88,44,1,44,,,,,,
603,2022,July,11,7,Soy,No Till,d,1,21.3,22.1,24.2,63.9,50,1,49,0.98,25,1,25,,,,,,
604,2022,July,11,7,Soy,No Till,d,2,22.1,21.5,24.4,61,53,1,52,0.98,122,1,122,,,,,,
605,2022,July,11,7,Corn,Till,d,1,21.4,22.6,24.8,64.4,55,51,4,0.07,2,1,2,,,,,,
606,2022,July,11,7,Corn,Till,d,2,21.6,22.5,24.8,65.6,74,66,8,0.11,0,0,,,,,,,
607,2022,July,11,7,Corn,No Till,d,1,21.2,21.5,24.4,64.1,57,55,2,0.04,1,1,,,,,,,1
608,2022,July,11,7,Corn,No Till,d,2,21.2,22.5,24.7,65.3,51,40,11,0.22,1,1,1,,,,,,
609,2022,July,19,8,Soy,Till,a,1,25.8,25.5,26.8,68.7,50,3,47,0.94,7,1,7,,,,,,
610,2022,July,19,8,Soy,Till,a,2,25,25.4,26.3,66.3,54,43,11,0.2,61,1,61,,,,,,
611,2022,July,19,8,Soy,No Till,a,1,26.3,24.6,25.7,68,53,0,53,1,1,1,1,,,,,,
612,2022,July,19,8,Soy,No Till,a,2,25.2,25.6,26.4,66.1,54,50,4,0.07,3,1,3,,,,,,
613,2022,July,19,8,Corn,Till,a,1,26.7,23.6,25.8,67.4,55,1,54,0.98,0,0,,,,,,,
614,2022,July,19,8,Corn,Till,a,2,26.8,25,26.3,65.5,54,31,23,0.43,4,1,4,,,,,,
615,2022,July,19,8,Corn,No Till,a,1,27.2,23.8,25.6,67.6,53,0,53,1,52,2,23,29,,,,,
616,2022,July,19,8,Corn,No Till,a,2,26.3,23.8,25.6,66.2,53,3,50,0.94,0,0,,,,,,,
617,2022,July,19,8,Soy,Till,b,1,27.1,25.5,26,66.4,51,8,43,0.84,19,1,19,,,,,,
618,2022,July,19,8,Soy,Till,b,2,26.8,25.3,26.2,64.9,55,3,52,0.95,59,1,59,,,,,,
619,2022,July,19,8,Soy,No Till,b,1,27.2,27.5,26.2,62.9,50,42,8,0.16,13,1,13,,,,,,
620,2022,July,19,8,Soy,No Till,b,2,27.7,28.4,26.3,62.5,55,1,54,0.98,64,2,54,10,,,,,
621,2022,July,19,8,Corn,Till,b,1,26.4,23,25.6,68.3,51,0,51,1,34,2,14,20,,,,,
622,2022,July,19,8,Corn,Till,b,2,25.8,24.1,26.5,67.3,56,56,0,0,2,1,2,,,,,,
623,2022,July,19,8,Corn,No Till,b,1,27.8,24.5,25.9,67.4,50,35,15,0.3,0,0,,,,,,,
624,2022,July,19,8,Corn,No Till,b,2,25.8,23.4,26.2,64.5,53,3,50,0.94,0,0,,,,,,,
625,2022,July,19,8,Soy,Till,c,1,25.6,20.9,25.7,62.5,54,11,43,0.8,48,1,48,,,,,,
626,2022,July,19,8,Soy,Till,c,2,27.7,24.1,26.1,60.6,50,9,41,0.82,98,1,98,,,,,,
627,2022,July,19,8,Soy,No Till,c,1,26.2,21.9,25.9,63.4,55,40,15,0.27,7,1,7,,,,,,
628,2022,July,19,8,Soy,No Till,c,2,26.6,24.8,25.9,65.2,54,1,53,0.98,17,1,17,,,,,,
629,2022,July,19,8,Corn,Till,c,1,26.7,22.1,25.8,62.3,58,58,0,0,0,0,,,,,,,
630,2022,July,19,8,Corn,Till,c,2,26.9,24,26.2,66.9,63,62,1,0.02,2,1,2,,,,,,
631,2022,July,19,8,Corn,No Till,c,1,26.6,22.9,25.3,64,54,29,25,0.46,0,0,,,,,,,
632,2022,July,19,8,Corn,No Till,c,2,27.7,22.7,25.4,65.1,56,0,56,1,0,0,,,,,,,
633,2022,July,19,8,Soy,Till,d,1,27.6,25.5,25.9,64.7,53,51,2,0.04,2,1,2,,,,,,
634,2022,July,19,8,Soy,Till,d,2,26.1,21.3,26,63.1,53,48,5,0.09,22,1,22,,,,,,
635,2022,July,19,8,Soy,No Till,d,1,27.7,25.5,25.9,65.7,53,30,23,0.43,35,2,33,2,,,,,
636,2022,July,19,8,Soy,No Till,d,2,25.6,24.5,25.7,63,50,0,50,1,190,2,68,122,,,,,
637,2022,July,19,8,Corn,Till,d,1,27.4,23.2,26.2,65.4,59,4,55,0.93,0,0,,,,,,,
638,2022,July,19,8,Corn,Till,d,2,26.4,23.5,25.9,64.8,54,51,3,0.06,0,0,,,,,,,
639,2022,July,19,8,Corn,No Till,d,1,28,25.3,25.6,64.3,55,3,52,0.95,1,1,,,,,,,1
640,2022,July,19,8,Corn,No Till,d,2,26.5,23.9,25.7,61.2,50,50,0,0,0,0,,,,,,,
641,2022,July,29,9,Soy,Till,a,1,17.9,13.3,17.9,82.6,55,48,7,0.13,0,0,,,,,,,
642,2022,July,29,9,Soy,Till,a,2,18.1,14.4,17.9,67.4,69,62,7,0.1,5,1,5,,,,,,
643,2022,July,29,9,Soy,No Till,a,1,19.3,15.7,17.6,86.3,62,59,3,0.05,0,0,,,,,,,
644,2022,July,29,9,Soy,No Till,a,2,17.9,16,18.4,82.4,53,53,0,0,0,0,,,,,,,
645,2022,July,29,9,Corn,Till,a,1,19.3,14,17.5,87.3,51,51,0,0,0,0,,,,,,,
646,2022,July,29,9,Corn,Till,a,2,20.1,15.9,18.1,81.4,62,62,0,0,0,0,,,,,,,
647,2022,July,29,9,Corn,No Till,a,1,18.8,15,18.9,80.1,62,2,60,0.97,0,0,,,,,,,
648,2022,July,29,9,Corn,No Till,a,2,20,14.2,18.5,77.5,66,0,66,1,0,0,,,,,,,
649,2022,July,29,9,Soy,Till,b,1,19.7,14.1,17.5,77.8,54,1,53,0.98,0,0,,,,,,,
650,2022,July,29,9,Soy,Till,b,2,19.3,14.4,17.7,80.5,67,10,57,0.85,4,1,4,,,,,,
651,2022,July,29,9,Soy,No Till,b,1,19.5,19.7,18.7,77.2,60,23,37,0.62,0,0,,,,,,,
652,2022,July,29,9,Soy,No Till,b,2,19.9,16,19.2,74.7,61,3,58,0.95,0,0,,,,,,,
653,2022,July,29,9,Corn,Till,b,1,19.7,13.4,17.8,76.3,59,59,0,0,0,0,,,,,,,
654,2022,July,29,9,Corn,Till,b,2,20.4,14.8,18,77.9,60,60,0,0,5,1,5,,,,,,
655,2022,July,29,9,Corn,No Till,b,1,19.4,17.3,18.3,85.6,57,54,3,0.05,0,0,,,,,,,
656,2022,July,29,9,Corn,No Till,b,2,20.9,14.5,18.7,83.2,63,11,52,0.83,1,1,1,,,,,,
657,2022,July,29,9,Soy,Till,c,1,20.2,18.5,17.9,84.5,60,60,0,0,0,0,,,,,,,
658,2022,July,29,9,Soy,Till,c,2,18.2,17.1,18.5,76.4,55,2,53,0.96,1,1,1,,,,,,
659,2022,July,29,9,Soy,No Till,c,1,19.6,18.6,19,81.3,56,56,0,0,0,0,,,,,,,
660,2022,July,29,9,Soy,No Till,c,2,18.7,18.7,18.4,79.9,55,0,55,1,0,0,,,,,,,
661,2022,July,29,9,Corn,Till,c,1,21.9,17.6,18.1,70.3,56,56,0,0,0,0,,,,,,,
662,2022,July,29,9,Corn,Till,c,2,21.7,20,18.1,72.5,53,52,1,0.02,0,0,,,,,,,
663,2022,July,29,9,Corn,No Till,c,1,19.7,19,18.5,71.1,56,8,48,0.86,0,0,,,,,,,
664,2022,July,29,9,Corn,No Till,c,2,19.8,19.1,18.9,87.6,59,16,43,0.73,0,0,,,,,,,
665,2022,July,29,9,Soy,Till,d,1,18.3,18.2,17.6,76.7,54,45,9,0.17,0,0,,,,,,,
666,2022,July,29,9,Soy,Till,d,2,19.3,18.1,17.4,79,63,1,62,0.98,0,0,,,,,,,
667,2022,July,29,9,Soy,No Till,d,1,19.7,19.3,18.2,68.1,53,1,52,0.98,24,1,,24,,,,,
668,2022,July,29,9,Soy,No Till,d,2,21.4,19.6,19.2,66.2,57,3,54,0.95,0,0,,,,,,,
669,2022,July,29,9,Corn,Till,d,1,22.4,17.7,17.5,76.2,57,57,0,0,0,0,,,,,,,
670,2022,July,29,9,Corn,Till,d,2,20.9,18.5,17.6,80.7,55,55,0,0,0,0,,,,,,,
671,2022,July,29,9,Corn,No Till,d,1,21.9,18.5,17.9,68.7,57,35,22,0.39,0,0,,,,,,,
672,2022,July,29,9,Corn,No Till,d,2,22.2,19.7,18.4,78,72,60,12,0.17,0,0,,,,,,,
673,2022,August,2,10,Soy,Till,a,1,26.9,23.9,22.6,76.6,60,37,23,0.38,0,0,,,,,,,
674,2022,August,2,10,Soy,Till,a,2,27.5,24.5,22.6,76.3,54,0,54,1,2,1,2,,,,,,
675,2022,August,2,10,Soy,No Till,a,1,26,25,22.4,77,60,0,60,1,0,0,,,,,,,
676,2022,August,2,10,Soy,No Till,a,2,26.7,25.8,23,76.1,53,0,53,1,10,2,1,9,,,,,
677,2022,August,2,10,Corn,Till,a,1,26.2,23.8,21.8,77.9,57,56,1,0.02,2,1,2,,,,,,
678,2022,August,2,10,Corn,Till,a,2,26.7,24.4,22.1,77.3,64,57,7,0.11,16,1,16,,,,,,
679,2022,August,2,10,Corn,No Till,a,1,26,24.3,22.2,75.7,58,0,58,1,25,2,1,24,,,,,
680,2022,August,2,10,Corn,No Till,a,2,26.5,24.9,22,78.7,52,0,52,1,0,0,,,,,,,
681,2022,August,2,10,Soy,Till,b,1,25.9,23.2,21.7,80.4,59,59,0,0,3,1,3,,,,,,
682,2022,August,2,10,Soy,Till,b,2,24.9,23.3,21.8,77.3,65,5,60,0.92,0,0,,,,,,,
683,2022,August,2,10,Soy,No Till,b,1,26.2,25,23.2,78.8,55,5,50,0.91,4,1,,,,,,4,
684,2022,August,2,10,Soy,No Till,b,2,24.8,23.7,22.7,81.4,50,0,50,1,30,2,4,26,,,,,
685,2022,August,2,10,Corn,Till,b,1,26.4,24.3,21.9,79.6,60,58,2,0.03,25,1,,25,,,,,
686,2022,August,2,10,Corn,Till,b,2,25.6,22.9,22,79.1,65,63,2,0.03,6,1,6,,,,,,
687,2022,August,2,10,Corn,No Till,b,1,26.4,24.4,22.1,78.8,53,53,0,0,0,0,,,,,,,
688,2022,August,2,10,Corn,No Till,b,2,25.8,23.1,22.1,78.3,50,8,42,0.84,0,0,,,,,,,
689,2022,August,2,10,Soy,Till,c,1,25.3,24.5,22.8,78.9,57,0,57,1,0,0,,,,,,,
690,2022,August,2,10,Soy,Till,c,2,26.8,25.5,22.5,74.4,52,52,0,0,0,0,,,,,,,
691,2022,August,2,10,Soy,No Till,c,1,26,25.2,22.8,79.3,61,13,48,0.79,0,0,,,,,,,
692,2022,August,2,10,Soy,No Till,c,2,26.4,25.1,22.8,78.3,54,31,23,0.43,1,1,1,,,,,,
693,2022,August,2,10,Corn,Till,c,1,26.2,24.6,22.9,73.3,51,51,0,0,0,0,,,,,,,
694,2022,August,2,10,Corn,Till,c,2,27.3,24.2,22.2,76.4,58,58,0,0,1,1,1,,,,,,
695,2022,August,2,10,Corn,No Till,c,1,26.3,24,21.9,78.8,61,57,4,0.07,0,0,,,,,,,
696,2022,August,2,10,Corn,No Till,c,2,26.8,24.5,22.5,77.5,50,50,0,0,0,0,,,,,,,
697,2022,August,2,10,Soy,Till,d,1,26.1,24.4,23.3,73.2,50,50,0,0,0,0,,,,,,,
698,2022,August,2,10,Soy,Till,d,2,28,25.4,22.7,75.7,52,51,1,0.02,4,1,4,,,,,,
699,2022,August,2,10,Soy,No Till,d,1,26.5,28.6,23.6,74.4,51,40,11,0.22,0,0,,,,,,,
700,2022,August,2,10,Soy,No Till,d,2,27.4,28,23.6,76.9,55,0,55,1,3,1,3,,,,,,
701,2022,August,2,10,Corn,Till,d,1,29.7,24.1,22.3,67.9,64,62,2,0.03,0,0,,,,,,,
702,2022,August,2,10,Corn,Till,d,2,28.7,25.5,22.7,73.1,58,43,15,0.26,0,0,,,,,,,
703,2022,August,2,10,Corn,No Till,d,1,29.7,25.2,22.9,70.8,51,51,0,0,0,0,,,,,,,
704,2022,August,2,10,Corn,No Till,d,2,29.6,25.1,22.8,67.3,54,51,3,0.06,0,0,,,,,,,
705,2022,August,10,11,Soy,Till,a,1,22.2,19.2,20.7,77.5,56,56,0,0,0,0,,,,,,,
706,2022,August,10,11,Soy,Till,a,2,22.4,19.8,20.4,80.5,54,8,46,0.85,0,0,,,,,,,
707,2022,August,10,11,Soy,No Till,a,1,21.9,18.8,20.4,78.8,55,0,55,1,0,0,,,,,,,
708,2022,August,10,11,Soy,No Till,a,2,22.3,19.6,21.1,80.8,55,0,55,1,7,1,,7,,,,,
709,2022,August,10,11,Corn,Till,a,1,23.4,19.3,20.2,79,52,49,3,0.06,0,0,,,,,,,
710,2022,August,10,11,Corn,Till,a,2,23.3,20,20.6,76.5,51,51,0,0,0,0,,,,,,,
711,2022,August,10,11,Corn,No Till,a,1,23,19.6,21.1,78,57,57,0,0,19,1,,19,,,,,
712,2022,August,10,11,Corn,No Till,a,2,23,19.5,21,80.6,51,0,51,1,1,1,1,,,,,,
713,2022,August,10,11,Soy,Till,b,1,26.5,18.1,20.6,67.5,53,30,23,0.43,0,0,,,,,,,
714,2022,August,10,11,Soy,Till,b,2,26,18.7,20.7,62.3,54,54,0,0,0,0,,,,,,,
715,2022,August,10,11,Soy,No Till,b,1,27.5,20,21.5,66.4,52,4,48,0.92,0,0,,,,,,,
716,2022,August,10,11,Soy,No Till,b,2,24.3,20.5,21.3,78,62,0,62,1,1,1,1,,,,,,
717,2022,August,10,11,Corn,Till,b,1,27.2,19.4,20.9,65.1,52,0,52,1,0,0,,,,,,,
718,2022,August,10,11,Corn,Till,b,2,27.1,19.7,21.3,74.2,50,49,1,0.02,0,0,,,,,,,
719,2022,August,10,11,Corn,No Till,b,1,27.4,20.6,21.2,71.4,53,20,33,0.62,0,0,,,,,,,
720,2022,August,10,11,Corn,No Till,b,2,27.8,20.3,21.5,72,60,0,60,1,8,1,,8,,,,,
721,2022,August,10,11,Soy,Till,c,1,22.2,20.1,20.7,78.6,54,54,0,0,1,1,1,,,,,,
722,2022,August,10,11,Soy,Till,c,2,23.1,19.8,20.6,83.1,54,54,0,0,0,0,,,,,,,
723,2022,August,10,11,Soy,No Till,c,1,23.1,19.8,20.7,76.6,51,50,1,0.02,0,0,,,,,,,
724,2022,August,10,11,Soy,No Till,c,2,23,19.7,21,79,50,0,50,1,0,0,,,,,,,
725,2022,August,10,11,Corn,Till,c,1,23.8,19.9,20.7,79.2,58,58,0,0,0,0,,,,,,,
726,2022,August,10,11,Corn,Till,c,2,23.5,20.9,20.4,77.6,52,49,3,0.06,0,0,,,,,,,
727,2022,August,10,11,Corn,No Till,c,1,23.4,19.3,20.4,78.4,54,54,0,0,0,0,,,,,,,
728,2022,August,10,11,Corn,No Till,c,2,23.3,20,20.9,80.3,50,48,2,0.04,0,0,,,,,,,
729,2022,August,10,11,Soy,Till,d,1,25,21.6,20.5,69.1,52,2,50,0.96,0,0,,,,,,,
730,2022,August,10,11,Soy,Till,d,2,24.3,23.1,20.7,67.1,58,58,0,0,0,0,,,,,,,
731,2022,August,10,11,Soy,No Till,d,1,26.4,23.6,21.3,66.8,56,0,56,1,0,0,,,,,,,
732,2022,August,10,11,Soy,No Till,d,2,26.1,24.9,21,68.5,61,0,61,1,0,0,,,,,,,
733,2022,August,10,11,Corn,Till,d,1,28.3,21.2,20.4,71,54,14,40,0.74,0,0,,,,,,,
734,2022,August,10,11,Corn,Till,d,2,25.9,22.6,20.6,71.5,57,57,0,0,0,0,,,,,,,
735,2022,August,10,11,Corn,No Till,d,1,27.7,22.8,20.7,71.9,55,55,0,0,0,0,,,,,,,
736,2022,August,10,11,Corn,No Till,d,2,29,22,21,72.1,55,52,3,0.05,0,0,,,,,,,
737,2022,August,17,12,Soy,Till,a,1,19.6,15.1,19.8,81.1,50,28,22,0.44,0,0,,,,,,,
738,2022,August,17,12,Soy,Till,a,2,19.2,14.9,19.7,86.3,53,33,20,0.38,0,0,,,,,,,
739,2022,August,17,12,Soy,No Till,a,1,20.4,15.6,19.5,79.5,55,55,0,0,0,0,,,,,,,
740,2022,August,17,12,Soy,No Till,a,2,20.6,14.4,19.7,81.7,51,0,51,1,0,0,,,,,,,
741,2022,August,17,12,Corn,Till,a,1,21.6,17.5,19.8,82.3,50,47,3,0.06,0,0,,,,,,,
742,2022,August,17,12,Corn,Till,a,2,22,19.1,20,82,51,8,43,0.84,0,0,,,,,,,
743,2022,August,17,12,Corn,No Till,a,1,21.8,15.6,19.5,83.2,54,17,37,0.69,0,0,,,,,,,
744,2022,August,17,12,Corn,No Till,a,2,21.9,17.2,19.6,88.5,66,0,66,1,0,0,,,,,,,
745,2022,August,17,12,Soy,Till,b,1,23,17.1,19.3,76.7,58,57,1,0.02,0,0,,,,,,,
746,2022,August,17,12,Soy,Till,b,2,22.1,15.9,19.5,71.5,54,36,18,0.33,0,0,,,,,,,
747,2022,August,17,12,Soy,No Till,b,1,23.4,19.5,20.6,85.6,62,52,10,0.16,0,0,,,,,,,
748,2022,August,17,12,Soy,No Till,b,2,21.3,19.3,22.1,74.4,52,40,12,0.23,10,1,10,,,,,,
749,2022,August,17,12,Corn,Till,b,1,22.8,18.1,19.9,78.5,53,12,41,0.77,0,0,,,,,,,
750,2022,August,17,12,Corn,Till,b,2,21.9,17.3,20.1,76.9,51,43,8,0.16,1,1,1,,,,,,
751,2022,August,17,12,Corn,No Till,b,1,22.6,18.4,19.6,85.4,53,48,5,0.09,0,0,,,,,,,
752,2022,August,17,12,Corn,No Till,b,2,22.8,16.2,19.6,80.4,52,43,9,0.17,0,0,,,,,,,
753,2022,August,17,12,Soy,Till,c,1,21.3,19.2,20.2,70,56,53,3,0.05,0,0,,,,,,,
754,2022,August,17,12,Soy,Till,c,2,24,18.3,19.9,70.5,53,0,53,1,3,1,3,,,,,,
755,2022,August,17,12,Soy,No Till,c,1,21.2,18.8,19.9,73.8,53,30,23,0.43,0,0,,,,,,,
756,2022,August,17,12,Soy,No Till,c,2,22.9,18.4,19.9,74.3,52,1,51,0.98,2,1,2,,,,,,
757,2022,August,17,12,Corn,Till,c,1,21.7,20.9,20.8,79.4,58,55,3,0.05,0,0,,,,,,,
758,2022,August,17,12,Corn,Till,c,2,22.4,20.6,20.2,87.5,51,42,9,0.18,0,0,,,,,,,
759,2022,August,17,12,Corn,No Till,c,1,22,19.4,19.7,84.6,50,42,8,0.16,0,0,,,,,,,
760,2022,August,17,12,Corn,No Till,c,2,22.8,18.9,19.9,82.6,51,20,31,0.61,0,0,,,,,,,
761,2022,August,17,12,Soy,Till,d,1,23.2,19.3,20.2,82.5,60,60,0,0,0,0,,,,,,,
762,2022,August,17,12,Soy,Till,d,2,22,18.9,19.8,74.2,52,52,0,0,8,1,8,,,,,,
763,2022,August,17,12,Soy,No Till,d,1,24.8,19.9,20.5,71.9,58,29,29,0.5,0,0,,,,,,,
764,2022,August,17,12,Soy,No Till,d,2,22.1,20,20.5,71,63,63,0,0,5,1,5,,,,,,
765,2022,August,17,12,Corn,Till,d,1,24.3,19.9,19.9,79.3,64,64,0,0,1,1,1,,,,,,
766,2022,August,17,12,Corn,Till,d,2,22.4,21.6,20.3,78.6,50,45,5,0.1,0,0,,,,,,,
767,2022,August,17,12,Corn,No Till,d,1,24.7,19.4,19.4,77,58,55,3,0.05,0,0,,,,,,,
768,2022,August,17,12,Corn,No Till,d,2,23.1,21.2,20,74.6,53,53,0,0,0,0,,,,,,,
